Date,Year,Quaer,MonthNumber,MonthName,Week,Day,DayName
01-01-2021,2021,Q1,1,January,1,1,Friday
02-01-2021,2021,Q1,1,January,1,2,Saturday
03-01-2021,2021,Q1,1,January,1,3,Sunday
04-01-2021,2021,Q1,1,January,2,4,Monday
05-01-2021,2021,Q1,1,January,2,5,Tuesday
06-01-2021,2021,Q1,1,January,2,6,Wednesday
07-01-2021,2021,Q1,1,January,2,7,Thursday
08-01-2021,2021,Q1,1,January,2,8,Friday
09-01-2021,2021,Q1,1,January,2,9,Saturday
10-01-2021,2021,Q1,1,January,2,10,Sunday
11-01-2021,2021,Q1,1,January,3,11,Monday
12-01-2021,2021,Q1,1,January,3,12,Tuesday
13-01-2021,2021,Q1,1,January,3,13,Wednesday
14-01-2021,2021,Q1,1,January,3,14,Thursday
15-01-2021,2021,Q1,1,January,3,15,Friday
16-01-2021,2021,Q1,1,January,3,16,Saturday
17-01-2021,2021,Q1,1,January,3,17,Sunday
18-01-2021,2021,Q1,1,January,4,18,Monday
19-01-2021,2021,Q1,1,January,4,19,Tuesday
20-01-2021,2021,Q1,1,January,4,20,Wednesday
21-01-2021,2021,Q1,1,January,4,21,Thursday
22-01-2021,2021,Q1,1,January,4,22,Friday
23-01-2021,2021,Q1,1,January,4,23,Saturday
24-01-2021,2021,Q1,1,January,4,24,Sunday
25-01-2021,2021,Q1,1,January,5,25,Monday
26-01-2021,2021,Q1,1,January,5,26,Tuesday
27-01-2021,2021,Q1,1,January,5,27,Wednesday
28-01-2021,2021,Q1,1,January,5,28,Thursday
29-01-2021,2021,Q1,1,January,5,29,Friday
30-01-2021,2021,Q1,1,January,5,30,Saturday
31-01-2021,2021,Q1,1,January,5,31,Sunday
01-02-2021,2021,Q1,2,February,6,1,Monday
02-02-2021,2021,Q1,2,February,6,2,Tuesday
03-02-2021,2021,Q1,2,February,6,3,Wednesday
04-02-2021,2021,Q1,2,February,6,4,Thursday
05-02-2021,2021,Q1,2,February,6,5,Friday
06-02-2021,2021,Q1,2,February,6,6,Saturday
07-02-2021,2021,Q1,2,February,6,7,Sunday
08-02-2021,2021,Q1,2,February,7,8,Monday
09-02-2021,2021,Q1,2,February,7,9,Tuesday
10-02-2021,2021,Q1,2,February,7,10,Wednesday
11-02-2021,2021,Q1,2,February,7,11,Thursday
12-02-2021,2021,Q1,2,February,7,12,Friday
13-02-2021,2021,Q1,2,February,7,13,Saturday
14-02-2021,2021,Q1,2,February,7,14,Sunday
15-02-2021,2021,Q1,2,February,8,15,Monday
16-02-2021,2021,Q1,2,February,8,16,Tuesday
17-02-2021,2021,Q1,2,February,8,17,Wednesday
18-02-2021,2021,Q1,2,February,8,18,Thursday
19-02-2021,2021,Q1,2,February,8,19,Friday
20-02-2021,2021,Q1,2,February,8,20,Saturday
21-02-2021,2021,Q1,2,February,8,21,Sunday
22-02-2021,2021,Q1,2,February,9,22,Monday
23-02-2021,2021,Q1,2,February,9,23,Tuesday
24-02-2021,2021,Q1,2,February,9,24,Wednesday
25-02-2021,2021,Q1,2,February,9,25,Thursday
26-02-2021,2021,Q1,2,February,9,26,Friday
27-02-2021,2021,Q1,2,February,9,27,Saturday
28-02-2021,2021,Q1,2,February,9,28,Sunday
01-03-2021,2021,Q1,3,March,10,1,Monday
02-03-2021,2021,Q1,3,March,10,2,Tuesday
03-03-2021,2021,Q1,3,March,10,3,Wednesday
04-03-2021,2021,Q1,3,March,10,4,Thursday
05-03-2021,2021,Q1,3,March,10,5,Friday
06-03-2021,2021,Q1,3,March,10,6,Saturday
07-03-2021,2021,Q1,3,March,10,7,Sunday
08-03-2021,2021,Q1,3,March,11,8,Monday
09-03-2021,2021,Q1,3,March,11,9,Tuesday
10-03-2021,2021,Q1,3,March,11,10,Wednesday
11-03-2021,2021,Q1,3,March,11,11,Thursday
12-03-2021,2021,Q1,3,March,11,12,Friday
13-03-2021,2021,Q1,3,March,11,13,Saturday
14-03-2021,2021,Q1,3,March,11,14,Sunday
15-03-2021,2021,Q1,3,March,12,15,Monday
16-03-2021,2021,Q1,3,March,12,16,Tuesday
17-03-2021,2021,Q1,3,March,12,17,Wednesday
18-03-2021,2021,Q1,3,March,12,18,Thursday
19-03-2021,2021,Q1,3,March,12,19,Friday
20-03-2021,2021,Q1,3,March,12,20,Saturday
21-03-2021,2021,Q1,3,March,12,21,Sunday
22-03-2021,2021,Q1,3,March,13,22,Monday
23-03-2021,2021,Q1,3,March,13,23,Tuesday
24-03-2021,2021,Q1,3,March,13,24,Wednesday
25-03-2021,2021,Q1,3,March,13,25,Thursday
26-03-2021,2021,Q1,3,March,13,26,Friday
27-03-2021,2021,Q1,3,March,13,27,Saturday
28-03-2021,2021,Q1,3,March,13,28,Sunday
29-03-2021,2021,Q1,3,March,14,29,Monday
30-03-2021,2021,Q1,3,March,14,30,Tuesday
31-03-2021,2021,Q1,3,March,14,31,Wednesday
01-04-2021,2021,Q2,4,April,14,1,Thursday
02-04-2021,2021,Q2,4,April,14,2,Friday
03-04-2021,2021,Q2,4,April,14,3,Saturday
04-04-2021,2021,Q2,4,April,14,4,Sunday
05-04-2021,2021,Q2,4,April,15,5,Monday
06-04-2021,2021,Q2,4,April,15,6,Tuesday
07-04-2021,2021,Q2,4,April,15,7,Wednesday
08-04-2021,2021,Q2,4,April,15,8,Thursday
09-04-2021,2021,Q2,4,April,15,9,Friday
10-04-2021,2021,Q2,4,April,15,10,Saturday
11-04-2021,2021,Q2,4,April,15,11,Sunday
12-04-2021,2021,Q2,4,April,16,12,Monday
13-04-2021,2021,Q2,4,April,16,13,Tuesday
14-04-2021,2021,Q2,4,April,16,14,Wednesday
15-04-2021,2021,Q2,4,April,16,15,Thursday
16-04-2021,2021,Q2,4,April,16,16,Friday
17-04-2021,2021,Q2,4,April,16,17,Saturday
18-04-2021,2021,Q2,4,April,16,18,Sunday
19-04-2021,2021,Q2,4,April,17,19,Monday
20-04-2021,2021,Q2,4,April,17,20,Tuesday
21-04-2021,2021,Q2,4,April,17,21,Wednesday
22-04-2021,2021,Q2,4,April,17,22,Thursday
23-04-2021,2021,Q2,4,April,17,23,Friday
24-04-2021,2021,Q2,4,April,17,24,Saturday
25-04-2021,2021,Q2,4,April,17,25,Sunday
26-04-2021,2021,Q2,4,April,18,26,Monday
27-04-2021,2021,Q2,4,April,18,27,Tuesday
28-04-2021,2021,Q2,4,April,18,28,Wednesday
29-04-2021,2021,Q2,4,April,18,29,Thursday
30-04-2021,2021,Q2,4,April,18,30,Friday
01-05-2021,2021,Q2,5,May,18,1,Saturday
02-05-2021,2021,Q2,5,May,18,2,Sunday
03-05-2021,2021,Q2,5,May,19,3,Monday
04-05-2021,2021,Q2,5,May,19,4,Tuesday
05-05-2021,2021,Q2,5,May,19,5,Wednesday
06-05-2021,2021,Q2,5,May,19,6,Thursday
07-05-2021,2021,Q2,5,May,19,7,Friday
08-05-2021,2021,Q2,5,May,19,8,Saturday
09-05-2021,2021,Q2,5,May,19,9,Sunday
10-05-2021,2021,Q2,5,May,20,10,Monday
11-05-2021,2021,Q2,5,May,20,11,Tuesday
12-05-2021,2021,Q2,5,May,20,12,Wednesday
13-05-2021,2021,Q2,5,May,20,13,Thursday
14-05-2021,2021,Q2,5,May,20,14,Friday
15-05-2021,2021,Q2,5,May,20,15,Saturday
16-05-2021,2021,Q2,5,May,20,16,Sunday
17-05-2021,2021,Q2,5,May,21,17,Monday
18-05-2021,2021,Q2,5,May,21,18,Tuesday
19-05-2021,2021,Q2,5,May,21,19,Wednesday
20-05-2021,2021,Q2,5,May,21,20,Thursday
21-05-2021,2021,Q2,5,May,21,21,Friday
22-05-2021,2021,Q2,5,May,21,22,Saturday
23-05-2021,2021,Q2,5,May,21,23,Sunday
24-05-2021,2021,Q2,5,May,22,24,Monday
25-05-2021,2021,Q2,5,May,22,25,Tuesday
26-05-2021,2021,Q2,5,May,22,26,Wednesday
27-05-2021,2021,Q2,5,May,22,27,Thursday
28-05-2021,2021,Q2,5,May,22,28,Friday
29-05-2021,2021,Q2,5,May,22,29,Saturday
30-05-2021,2021,Q2,5,May,22,30,Sunday
31-05-2021,2021,Q2,5,May,23,31,Monday
01-06-2021,2021,Q2,6,June,23,1,Tuesday
02-06-2021,2021,Q2,6,June,23,2,Wednesday
03-06-2021,2021,Q2,6,June,23,3,Thursday
04-06-2021,2021,Q2,6,June,23,4,Friday
05-06-2021,2021,Q2,6,June,23,5,Saturday
06-06-2021,2021,Q2,6,June,23,6,Sunday
07-06-2021,2021,Q2,6,June,24,7,Monday
08-06-2021,2021,Q2,6,June,24,8,Tuesday
09-06-2021,2021,Q2,6,June,24,9,Wednesday
10-06-2021,2021,Q2,6,June,24,10,Thursday
11-06-2021,2021,Q2,6,June,24,11,Friday
12-06-2021,2021,Q2,6,June,24,12,Saturday
13-06-2021,2021,Q2,6,June,24,13,Sunday
14-06-2021,2021,Q2,6,June,25,14,Monday
15-06-2021,2021,Q2,6,June,25,15,Tuesday
16-06-2021,2021,Q2,6,June,25,16,Wednesday
17-06-2021,2021,Q2,6,June,25,17,Thursday
18-06-2021,2021,Q2,6,June,25,18,Friday
19-06-2021,2021,Q2,6,June,25,19,Saturday
20-06-2021,2021,Q2,6,June,25,20,Sunday
21-06-2021,2021,Q2,6,June,26,21,Monday
22-06-2021,2021,Q2,6,June,26,22,Tuesday
23-06-2021,2021,Q2,6,June,26,23,Wednesday
24-06-2021,2021,Q2,6,June,26,24,Thursday
25-06-2021,2021,Q2,6,June,26,25,Friday
26-06-2021,2021,Q2,6,June,26,26,Saturday
27-06-2021,2021,Q2,6,June,26,27,Sunday
28-06-2021,2021,Q2,6,June,27,28,Monday
29-06-2021,2021,Q2,6,June,27,29,Tuesday
30-06-2021,2021,Q2,6,June,27,30,Wednesday
01-07-2021,2021,Q3,7,July,27,1,Thursday
02-07-2021,2021,Q3,7,July,27,2,Friday
03-07-2021,2021,Q3,7,July,27,3,Saturday
04-07-2021,2021,Q3,7,July,27,4,Sunday
05-07-2021,2021,Q3,7,July,28,5,Monday
06-07-2021,2021,Q3,7,July,28,6,Tuesday
07-07-2021,2021,Q3,7,July,28,7,Wednesday
08-07-2021,2021,Q3,7,July,28,8,Thursday
09-07-2021,2021,Q3,7,July,28,9,Friday
10-07-2021,2021,Q3,7,July,28,10,Saturday
11-07-2021,2021,Q3,7,July,28,11,Sunday
12-07-2021,2021,Q3,7,July,29,12,Monday
13-07-2021,2021,Q3,7,July,29,13,Tuesday
14-07-2021,2021,Q3,7,July,29,14,Wednesday
15-07-2021,2021,Q3,7,July,29,15,Thursday
16-07-2021,2021,Q3,7,July,29,16,Friday
17-07-2021,2021,Q3,7,July,29,17,Saturday
18-07-2021,2021,Q3,7,July,29,18,Sunday
19-07-2021,2021,Q3,7,July,30,19,Monday
20-07-2021,2021,Q3,7,July,30,20,Tuesday
21-07-2021,2021,Q3,7,July,30,21,Wednesday
22-07-2021,2021,Q3,7,July,30,22,Thursday
23-07-2021,2021,Q3,7,July,30,23,Friday
24-07-2021,2021,Q3,7,July,30,24,Saturday
25-07-2021,2021,Q3,7,July,30,25,Sunday
26-07-2021,2021,Q3,7,July,31,26,Monday
27-07-2021,2021,Q3,7,July,31,27,Tuesday
28-07-2021,2021,Q3,7,July,31,28,Wednesday
29-07-2021,2021,Q3,7,July,31,29,Thursday
30-07-2021,2021,Q3,7,July,31,30,Friday
31-07-2021,2021,Q3,7,July,31,31,Saturday
01-08-2021,2021,Q3,8,August,31,1,Sunday
02-08-2021,2021,Q3,8,August,32,2,Monday
03-08-2021,2021,Q3,8,August,32,3,Tuesday
04-08-2021,2021,Q3,8,August,32,4,Wednesday
05-08-2021,2021,Q3,8,August,32,5,Thursday
06-08-2021,2021,Q3,8,August,32,6,Friday
07-08-2021,2021,Q3,8,August,32,7,Saturday
08-08-2021,2021,Q3,8,August,32,8,Sunday
09-08-2021,2021,Q3,8,August,33,9,Monday
10-08-2021,2021,Q3,8,August,33,10,Tuesday
11-08-2021,2021,Q3,8,August,33,11,Wednesday
12-08-2021,2021,Q3,8,August,33,12,Thursday
13-08-2021,2021,Q3,8,August,33,13,Friday
14-08-2021,2021,Q3,8,August,33,14,Saturday
15-08-2021,2021,Q3,8,August,33,15,Sunday
16-08-2021,2021,Q3,8,August,34,16,Monday
17-08-2021,2021,Q3,8,August,34,17,Tuesday
18-08-2021,2021,Q3,8,August,34,18,Wednesday
19-08-2021,2021,Q3,8,August,34,19,Thursday
20-08-2021,2021,Q3,8,August,34,20,Friday
21-08-2021,2021,Q3,8,August,34,21,Saturday
22-08-2021,2021,Q3,8,August,34,22,Sunday
23-08-2021,2021,Q3,8,August,35,23,Monday
24-08-2021,2021,Q3,8,August,35,24,Tuesday
25-08-2021,2021,Q3,8,August,35,25,Wednesday
26-08-2021,2021,Q3,8,August,35,26,Thursday
27-08-2021,2021,Q3,8,August,35,27,Friday
28-08-2021,2021,Q3,8,August,35,28,Saturday
29-08-2021,2021,Q3,8,August,35,29,Sunday
30-08-2021,2021,Q3,8,August,36,30,Monday
31-08-2021,2021,Q3,8,August,36,31,Tuesday
01-09-2021,2021,Q3,9,September,36,1,Wednesday
02-09-2021,2021,Q3,9,September,36,2,Thursday
03-09-2021,2021,Q3,9,September,36,3,Friday
04-09-2021,2021,Q3,9,September,36,4,Saturday
05-09-2021,2021,Q3,9,September,36,5,Sunday
06-09-2021,2021,Q3,9,September,37,6,Monday
07-09-2021,2021,Q3,9,September,37,7,Tuesday
08-09-2021,2021,Q3,9,September,37,8,Wednesday
09-09-2021,2021,Q3,9,September,37,9,Thursday
10-09-2021,2021,Q3,9,September,37,10,Friday
11-09-2021,2021,Q3,9,September,37,11,Saturday
12-09-2021,2021,Q3,9,September,37,12,Sunday
13-09-2021,2021,Q3,9,September,38,13,Monday
14-09-2021,2021,Q3,9,September,38,14,Tuesday
15-09-2021,2021,Q3,9,September,38,15,Wednesday
16-09-2021,2021,Q3,9,September,38,16,Thursday
17-09-2021,2021,Q3,9,September,38,17,Friday
18-09-2021,2021,Q3,9,September,38,18,Saturday
19-09-2021,2021,Q3,9,September,38,19,Sunday
20-09-2021,2021,Q3,9,September,39,20,Monday
21-09-2021,2021,Q3,9,September,39,21,Tuesday
22-09-2021,2021,Q3,9,September,39,22,Wednesday
23-09-2021,2021,Q3,9,September,39,23,Thursday
24-09-2021,2021,Q3,9,September,39,24,Friday
25-09-2021,2021,Q3,9,September,39,25,Saturday
26-09-2021,2021,Q3,9,September,39,26,Sunday
27-09-2021,2021,Q3,9,September,40,27,Monday
28-09-2021,2021,Q3,9,September,40,28,Tuesday
29-09-2021,2021,Q3,9,September,40,29,Wednesday
30-09-2021,2021,Q3,9,September,40,30,Thursday
01-10-2021,2021,Q4,10,October,40,1,Friday
02-10-2021,2021,Q4,10,October,40,2,Saturday
03-10-2021,2021,Q4,10,October,40,3,Sunday
04-10-2021,2021,Q4,10,October,41,4,Monday
05-10-2021,2021,Q4,10,October,41,5,Tuesday
06-10-2021,2021,Q4,10,October,41,6,Wednesday
07-10-2021,2021,Q4,10,October,41,7,Thursday
08-10-2021,2021,Q4,10,October,41,8,Friday
09-10-2021,2021,Q4,10,October,41,9,Saturday
10-10-2021,2021,Q4,10,October,41,10,Sunday
11-10-2021,2021,Q4,10,October,42,11,Monday
12-10-2021,2021,Q4,10,October,42,12,Tuesday
13-10-2021,2021,Q4,10,October,42,13,Wednesday
14-10-2021,2021,Q4,10,October,42,14,Thursday
15-10-2021,2021,Q4,10,October,42,15,Friday
16-10-2021,2021,Q4,10,October,42,16,Saturday
17-10-2021,2021,Q4,10,October,42,17,Sunday
18-10-2021,2021,Q4,10,October,43,18,Monday
19-10-2021,2021,Q4,10,October,43,19,Tuesday
20-10-2021,2021,Q4,10,October,43,20,Wednesday
21-10-2021,2021,Q4,10,October,43,21,Thursday
22-10-2021,2021,Q4,10,October,43,22,Friday
23-10-2021,2021,Q4,10,October,43,23,Saturday
24-10-2021,2021,Q4,10,October,43,24,Sunday
25-10-2021,2021,Q4,10,October,44,25,Monday
26-10-2021,2021,Q4,10,October,44,26,Tuesday
27-10-2021,2021,Q4,10,October,44,27,Wednesday
28-10-2021,2021,Q4,10,October,44,28,Thursday
29-10-2021,2021,Q4,10,October,44,29,Friday
30-10-2021,2021,Q4,10,October,44,30,Saturday
31-10-2021,2021,Q4,10,October,44,31,Sunday
01-11-2021,2021,Q4,11,November,45,1,Monday
02-11-2021,2021,Q4,11,November,45,2,Tuesday
03-11-2021,2021,Q4,11,November,45,3,Wednesday
04-11-2021,2021,Q4,11,November,45,4,Thursday
05-11-2021,2021,Q4,11,November,45,5,Friday
06-11-2021,2021,Q4,11,November,45,6,Saturday
07-11-2021,2021,Q4,11,November,45,7,Sunday
08-11-2021,2021,Q4,11,November,46,8,Monday
09-11-2021,2021,Q4,11,November,46,9,Tuesday
10-11-2021,2021,Q4,11,November,46,10,Wednesday
11-11-2021,2021,Q4,11,November,46,11,Thursday
12-11-2021,2021,Q4,11,November,46,12,Friday
13-11-2021,2021,Q4,11,November,46,13,Saturday
14-11-2021,2021,Q4,11,November,46,14,Sunday
15-11-2021,2021,Q4,11,November,47,15,Monday
16-11-2021,2021,Q4,11,November,47,16,Tuesday
17-11-2021,2021,Q4,11,November,47,17,Wednesday
18-11-2021,2021,Q4,11,November,47,18,Thursday
19-11-2021,2021,Q4,11,November,47,19,Friday
20-11-2021,2021,Q4,11,November,47,20,Saturday
21-11-2021,2021,Q4,11,November,47,21,Sunday
22-11-2021,2021,Q4,11,November,48,22,Monday
23-11-2021,2021,Q4,11,November,48,23,Tuesday
24-11-2021,2021,Q4,11,November,48,24,Wednesday
25-11-2021,2021,Q4,11,November,48,25,Thursday
26-11-2021,2021,Q4,11,November,48,26,Friday
27-11-2021,2021,Q4,11,November,48,27,Saturday
28-11-2021,2021,Q4,11,November,48,28,Sunday
29-11-2021,2021,Q4,11,November,49,29,Monday
30-11-2021,2021,Q4,11,November,49,30,Tuesday
01-12-2021,2021,Q4,12,December,49,1,Wednesday
02-12-2021,2021,Q4,12,December,49,2,Thursday
03-12-2021,2021,Q4,12,December,49,3,Friday
04-12-2021,2021,Q4,12,December,49,4,Saturday
05-12-2021,2021,Q4,12,December,49,5,Sunday
06-12-2021,2021,Q4,12,December,50,6,Monday
07-12-2021,2021,Q4,12,December,50,7,Tuesday
08-12-2021,2021,Q4,12,December,50,8,Wednesday
09-12-2021,2021,Q4,12,December,50,9,Thursday
10-12-2021,2021,Q4,12,December,50,10,Friday
11-12-2021,2021,Q4,12,December,50,11,Saturday
12-12-2021,2021,Q4,12,December,50,12,Sunday
13-12-2021,2021,Q4,12,December,51,13,Monday
14-12-2021,2021,Q4,12,December,51,14,Tuesday
15-12-2021,2021,Q4,12,December,51,15,Wednesday
16-12-2021,2021,Q4,12,December,51,16,Thursday
17-12-2021,2021,Q4,12,December,51,17,Friday
18-12-2021,2021,Q4,12,December,51,18,Saturday
19-12-2021,2021,Q4,12,December,51,19,Sunday
20-12-2021,2021,Q4,12,December,52,20,Monday
21-12-2021,2021,Q4,12,December,52,21,Tuesday
22-12-2021,2021,Q4,12,December,52,22,Wednesday
23-12-2021,2021,Q4,12,December,52,23,Thursday
24-12-2021,2021,Q4,12,December,52,24,Friday
25-12-2021,2021,Q4,12,December,52,25,Saturday
26-12-2021,2021,Q4,12,December,52,26,Sunday
27-12-2021,2021,Q4,12,December,53,27,Monday
28-12-2021,2021,Q4,12,December,53,28,Tuesday
29-12-2021,2021,Q4,12,December,53,29,Wednesday
30-12-2021,2021,Q4,12,December,53,30,Thursday
31-12-2021,2021,Q4,12,December,53,31,Friday
01-01-2022,2022,Q1,1,January,1,1,Saturday
02-01-2022,2022,Q1,1,January,1,2,Sunday
03-01-2022,2022,Q1,1,January,2,3,Monday
04-01-2022,2022,Q1,1,January,2,4,Tuesday
05-01-2022,2022,Q1,1,January,2,5,Wednesday
06-01-2022,2022,Q1,1,January,2,6,Thursday
07-01-2022,2022,Q1,1,January,2,7,Friday
08-01-2022,2022,Q1,1,January,2,8,Saturday
09-01-2022,2022,Q1,1,January,2,9,Sunday
10-01-2022,2022,Q1,1,January,3,10,Monday
11-01-2022,2022,Q1,1,January,3,11,Tuesday
12-01-2022,2022,Q1,1,January,3,12,Wednesday
13-01-2022,2022,Q1,1,January,3,13,Thursday
14-01-2022,2022,Q1,1,January,3,14,Friday
15-01-2022,2022,Q1,1,January,3,15,Saturday
16-01-2022,2022,Q1,1,January,3,16,Sunday
17-01-2022,2022,Q1,1,January,4,17,Monday
18-01-2022,2022,Q1,1,January,4,18,Tuesday
19-01-2022,2022,Q1,1,January,4,19,Wednesday
20-01-2022,2022,Q1,1,January,4,20,Thursday
21-01-2022,2022,Q1,1,January,4,21,Friday
22-01-2022,2022,Q1,1,January,4,22,Saturday
23-01-2022,2022,Q1,1,January,4,23,Sunday
24-01-2022,2022,Q1,1,January,5,24,Monday
25-01-2022,2022,Q1,1,January,5,25,Tuesday
26-01-2022,2022,Q1,1,January,5,26,Wednesday
27-01-2022,2022,Q1,1,January,5,27,Thursday
28-01-2022,2022,Q1,1,January,5,28,Friday
29-01-2022,2022,Q1,1,January,5,29,Saturday
30-01-2022,2022,Q1,1,January,5,30,Sunday
31-01-2022,2022,Q1,1,January,6,31,Monday
01-02-2022,2022,Q1,2,February,6,1,Tuesday
02-02-2022,2022,Q1,2,February,6,2,Wednesday
03-02-2022,2022,Q1,2,February,6,3,Thursday
04-02-2022,2022,Q1,2,February,6,4,Friday
05-02-2022,2022,Q1,2,February,6,5,Saturday
06-02-2022,2022,Q1,2,February,6,6,Sunday
07-02-2022,2022,Q1,2,February,7,7,Monday
08-02-2022,2022,Q1,2,February,7,8,Tuesday
09-02-2022,2022,Q1,2,February,7,9,Wednesday
10-02-2022,2022,Q1,2,February,7,10,Thursday
11-02-2022,2022,Q1,2,February,7,11,Friday
12-02-2022,2022,Q1,2,February,7,12,Saturday
13-02-2022,2022,Q1,2,February,7,13,Sunday
14-02-2022,2022,Q1,2,February,8,14,Monday
15-02-2022,2022,Q1,2,February,8,15,Tuesday
16-02-2022,2022,Q1,2,February,8,16,Wednesday
17-02-2022,2022,Q1,2,February,8,17,Thursday
18-02-2022,2022,Q1,2,February,8,18,Friday
19-02-2022,2022,Q1,2,February,8,19,Saturday
20-02-2022,2022,Q1,2,February,8,20,Sunday
21-02-2022,2022,Q1,2,February,9,21,Monday
22-02-2022,2022,Q1,2,February,9,22,Tuesday
23-02-2022,2022,Q1,2,February,9,23,Wednesday
24-02-2022,2022,Q1,2,February,9,24,Thursday
25-02-2022,2022,Q1,2,February,9,25,Friday
26-02-2022,2022,Q1,2,February,9,26,Saturday
27-02-2022,2022,Q1,2,February,9,27,Sunday
28-02-2022,2022,Q1,2,February,10,28,Monday
01-03-2022,2022,Q1,3,March,10,1,Tuesday
02-03-2022,2022,Q1,3,March,10,2,Wednesday
03-03-2022,2022,Q1,3,March,10,3,Thursday
04-03-2022,2022,Q1,3,March,10,4,Friday
05-03-2022,2022,Q1,3,March,10,5,Saturday
06-03-2022,2022,Q1,3,March,10,6,Sunday
07-03-2022,2022,Q1,3,March,11,7,Monday
08-03-2022,2022,Q1,3,March,11,8,Tuesday
09-03-2022,2022,Q1,3,March,11,9,Wednesday
10-03-2022,2022,Q1,3,March,11,10,Thursday
11-03-2022,2022,Q1,3,March,11,11,Friday
12-03-2022,2022,Q1,3,March,11,12,Saturday
13-03-2022,2022,Q1,3,March,11,13,Sunday
14-03-2022,2022,Q1,3,March,12,14,Monday
15-03-2022,2022,Q1,3,March,12,15,Tuesday
16-03-2022,2022,Q1,3,March,12,16,Wednesday
17-03-2022,2022,Q1,3,March,12,17,Thursday
18-03-2022,2022,Q1,3,March,12,18,Friday
19-03-2022,2022,Q1,3,March,12,19,Saturday
20-03-2022,2022,Q1,3,March,12,20,Sunday
21-03-2022,2022,Q1,3,March,13,21,Monday
22-03-2022,2022,Q1,3,March,13,22,Tuesday
23-03-2022,2022,Q1,3,March,13,23,Wednesday
24-03-2022,2022,Q1,3,March,13,24,Thursday
25-03-2022,2022,Q1,3,March,13,25,Friday
26-03-2022,2022,Q1,3,March,13,26,Saturday
27-03-2022,2022,Q1,3,March,13,27,Sunday
28-03-2022,2022,Q1,3,March,14,28,Monday
29-03-2022,2022,Q1,3,March,14,29,Tuesday
30-03-2022,2022,Q1,3,March,14,30,Wednesday
31-03-2022,2022,Q1,3,March,14,31,Thursday
01-04-2022,2022,Q2,4,April,14,1,Friday
02-04-2022,2022,Q2,4,April,14,2,Saturday
03-04-2022,2022,Q2,4,April,14,3,Sunday
04-04-2022,2022,Q2,4,April,15,4,Monday
05-04-2022,2022,Q2,4,April,15,5,Tuesday
06-04-2022,2022,Q2,4,April,15,6,Wednesday
07-04-2022,2022,Q2,4,April,15,7,Thursday
08-04-2022,2022,Q2,4,April,15,8,Friday
09-04-2022,2022,Q2,4,April,15,9,Saturday
10-04-2022,2022,Q2,4,April,15,10,Sunday
11-04-2022,2022,Q2,4,April,16,11,Monday
12-04-2022,2022,Q2,4,April,16,12,Tuesday
13-04-2022,2022,Q2,4,April,16,13,Wednesday
14-04-2022,2022,Q2,4,April,16,14,Thursday
15-04-2022,2022,Q2,4,April,16,15,Friday
16-04-2022,2022,Q2,4,April,16,16,Saturday
17-04-2022,2022,Q2,4,April,16,17,Sunday
18-04-2022,2022,Q2,4,April,17,18,Monday
19-04-2022,2022,Q2,4,April,17,19,Tuesday
20-04-2022,2022,Q2,4,April,17,20,Wednesday
21-04-2022,2022,Q2,4,April,17,21,Thursday
22-04-2022,2022,Q2,4,April,17,22,Friday
23-04-2022,2022,Q2,4,April,17,23,Saturday
24-04-2022,2022,Q2,4,April,17,24,Sunday
25-04-2022,2022,Q2,4,April,18,25,Monday
26-04-2022,2022,Q2,4,April,18,26,Tuesday
27-04-2022,2022,Q2,4,April,18,27,Wednesday
28-04-2022,2022,Q2,4,April,18,28,Thursday
29-04-2022,2022,Q2,4,April,18,29,Friday
30-04-2022,2022,Q2,4,April,18,30,Saturday
01-05-2022,2022,Q2,5,May,18,1,Sunday
02-05-2022,2022,Q2,5,May,19,2,Monday
03-05-2022,2022,Q2,5,May,19,3,Tuesday
04-05-2022,2022,Q2,5,May,19,4,Wednesday
05-05-2022,2022,Q2,5,May,19,5,Thursday
06-05-2022,2022,Q2,5,May,19,6,Friday
07-05-2022,2022,Q2,5,May,19,7,Saturday
08-05-2022,2022,Q2,5,May,19,8,Sunday
09-05-2022,2022,Q2,5,May,20,9,Monday
10-05-2022,2022,Q2,5,May,20,10,Tuesday
11-05-2022,2022,Q2,5,May,20,11,Wednesday
12-05-2022,2022,Q2,5,May,20,12,Thursday
13-05-2022,2022,Q2,5,May,20,13,Friday
14-05-2022,2022,Q2,5,May,20,14,Saturday
15-05-2022,2022,Q2,5,May,20,15,Sunday
16-05-2022,2022,Q2,5,May,21,16,Monday
17-05-2022,2022,Q2,5,May,21,17,Tuesday
18-05-2022,2022,Q2,5,May,21,18,Wednesday
19-05-2022,2022,Q2,5,May,21,19,Thursday
20-05-2022,2022,Q2,5,May,21,20,Friday
21-05-2022,2022,Q2,5,May,21,21,Saturday
22-05-2022,2022,Q2,5,May,21,22,Sunday
23-05-2022,2022,Q2,5,May,22,23,Monday
24-05-2022,2022,Q2,5,May,22,24,Tuesday
25-05-2022,2022,Q2,5,May,22,25,Wednesday
26-05-2022,2022,Q2,5,May,22,26,Thursday
27-05-2022,2022,Q2,5,May,22,27,Friday
28-05-2022,2022,Q2,5,May,22,28,Saturday
29-05-2022,2022,Q2,5,May,22,29,Sunday
30-05-2022,2022,Q2,5,May,23,30,Monday
31-05-2022,2022,Q2,5,May,23,31,Tuesday
01-06-2022,2022,Q2,6,June,23,1,Wednesday
02-06-2022,2022,Q2,6,June,23,2,Thursday
03-06-2022,2022,Q2,6,June,23,3,Friday
04-06-2022,2022,Q2,6,June,23,4,Saturday
05-06-2022,2022,Q2,6,June,23,5,Sunday
06-06-2022,2022,Q2,6,June,24,6,Monday
07-06-2022,2022,Q2,6,June,24,7,Tuesday
08-06-2022,2022,Q2,6,June,24,8,Wednesday
09-06-2022,2022,Q2,6,June,24,9,Thursday
10-06-2022,2022,Q2,6,June,24,10,Friday
11-06-2022,2022,Q2,6,June,24,11,Saturday
12-06-2022,2022,Q2,6,June,24,12,Sunday
13-06-2022,2022,Q2,6,June,25,13,Monday
14-06-2022,2022,Q2,6,June,25,14,Tuesday
15-06-2022,2022,Q2,6,June,25,15,Wednesday
16-06-2022,2022,Q2,6,June,25,16,Thursday
17-06-2022,2022,Q2,6,June,25,17,Friday
18-06-2022,2022,Q2,6,June,25,18,Saturday
19-06-2022,2022,Q2,6,June,25,19,Sunday
20-06-2022,2022,Q2,6,June,26,20,Monday
21-06-2022,2022,Q2,6,June,26,21,Tuesday
22-06-2022,2022,Q2,6,June,26,22,Wednesday
23-06-2022,2022,Q2,6,June,26,23,Thursday
24-06-2022,2022,Q2,6,June,26,24,Friday
25-06-2022,2022,Q2,6,June,26,25,Saturday
26-06-2022,2022,Q2,6,June,26,26,Sunday
27-06-2022,2022,Q2,6,June,27,27,Monday
28-06-2022,2022,Q2,6,June,27,28,Tuesday
29-06-2022,2022,Q2,6,June,27,29,Wednesday
30-06-2022,2022,Q2,6,June,27,30,Thursday
01-07-2022,2022,Q3,7,July,27,1,Friday
02-07-2022,2022,Q3,7,July,27,2,Saturday
03-07-2022,2022,Q3,7,July,27,3,Sunday
04-07-2022,2022,Q3,7,July,28,4,Monday
05-07-2022,2022,Q3,7,July,28,5,Tuesday
06-07-2022,2022,Q3,7,July,28,6,Wednesday
07-07-2022,2022,Q3,7,July,28,7,Thursday
08-07-2022,2022,Q3,7,July,28,8,Friday
09-07-2022,2022,Q3,7,July,28,9,Saturday
10-07-2022,2022,Q3,7,July,28,10,Sunday
11-07-2022,2022,Q3,7,July,29,11,Monday
12-07-2022,2022,Q3,7,July,29,12,Tuesday
13-07-2022,2022,Q3,7,July,29,13,Wednesday
14-07-2022,2022,Q3,7,July,29,14,Thursday
15-07-2022,2022,Q3,7,July,29,15,Friday
16-07-2022,2022,Q3,7,July,29,16,Saturday
17-07-2022,2022,Q3,7,July,29,17,Sunday
18-07-2022,2022,Q3,7,July,30,18,Monday
19-07-2022,2022,Q3,7,July,30,19,Tuesday
20-07-2022,2022,Q3,7,July,30,20,Wednesday
21-07-2022,2022,Q3,7,July,30,21,Thursday
22-07-2022,2022,Q3,7,July,30,22,Friday
23-07-2022,2022,Q3,7,July,30,23,Saturday
24-07-2022,2022,Q3,7,July,30,24,Sunday
25-07-2022,2022,Q3,7,July,31,25,Monday
26-07-2022,2022,Q3,7,July,31,26,Tuesday
27-07-2022,2022,Q3,7,July,31,27,Wednesday
28-07-2022,2022,Q3,7,July,31,28,Thursday
29-07-2022,2022,Q3,7,July,31,29,Friday
30-07-2022,2022,Q3,7,July,31,30,Saturday
31-07-2022,2022,Q3,7,July,31,31,Sunday
01-08-2022,2022,Q3,8,August,32,1,Monday
02-08-2022,2022,Q3,8,August,32,2,Tuesday
03-08-2022,2022,Q3,8,August,32,3,Wednesday
04-08-2022,2022,Q3,8,August,32,4,Thursday
05-08-2022,2022,Q3,8,August,32,5,Friday
06-08-2022,2022,Q3,8,August,32,6,Saturday
07-08-2022,2022,Q3,8,August,32,7,Sunday
08-08-2022,2022,Q3,8,August,33,8,Monday
09-08-2022,2022,Q3,8,August,33,9,Tuesday
10-08-2022,2022,Q3,8,August,33,10,Wednesday
11-08-2022,2022,Q3,8,August,33,11,Thursday
12-08-2022,2022,Q3,8,August,33,12,Friday
13-08-2022,2022,Q3,8,August,33,13,Saturday
14-08-2022,2022,Q3,8,August,33,14,Sunday
15-08-2022,2022,Q3,8,August,34,15,Monday
16-08-2022,2022,Q3,8,August,34,16,Tuesday
17-08-2022,2022,Q3,8,August,34,17,Wednesday
18-08-2022,2022,Q3,8,August,34,18,Thursday
19-08-2022,2022,Q3,8,August,34,19,Friday
20-08-2022,2022,Q3,8,August,34,20,Saturday
21-08-2022,2022,Q3,8,August,34,21,Sunday
22-08-2022,2022,Q3,8,August,35,22,Monday
23-08-2022,2022,Q3,8,August,35,23,Tuesday
24-08-2022,2022,Q3,8,August,35,24,Wednesday
25-08-2022,2022,Q3,8,August,35,25,Thursday
26-08-2022,2022,Q3,8,August,35,26,Friday
27-08-2022,2022,Q3,8,August,35,27,Saturday
28-08-2022,2022,Q3,8,August,35,28,Sunday
29-08-2022,2022,Q3,8,August,36,29,Monday
30-08-2022,2022,Q3,8,August,36,30,Tuesday
31-08-2022,2022,Q3,8,August,36,31,Wednesday
01-09-2022,2022,Q3,9,September,36,1,Thursday
02-09-2022,2022,Q3,9,September,36,2,Friday
03-09-2022,2022,Q3,9,September,36,3,Saturday
04-09-2022,2022,Q3,9,September,36,4,Sunday
05-09-2022,2022,Q3,9,September,37,5,Monday
06-09-2022,2022,Q3,9,September,37,6,Tuesday
07-09-2022,2022,Q3,9,September,37,7,Wednesday
08-09-2022,2022,Q3,9,September,37,8,Thursday
09-09-2022,2022,Q3,9,September,37,9,Friday
10-09-2022,2022,Q3,9,September,37,10,Saturday
11-09-2022,2022,Q3,9,September,37,11,Sunday
12-09-2022,2022,Q3,9,September,38,12,Monday
13-09-2022,2022,Q3,9,September,38,13,Tuesday
14-09-2022,2022,Q3,9,September,38,14,Wednesday
15-09-2022,2022,Q3,9,September,38,15,Thursday
16-09-2022,2022,Q3,9,September,38,16,Friday
17-09-2022,2022,Q3,9,September,38,17,Saturday
18-09-2022,2022,Q3,9,September,38,18,Sunday
19-09-2022,2022,Q3,9,September,39,19,Monday
20-09-2022,2022,Q3,9,September,39,20,Tuesday
21-09-2022,2022,Q3,9,September,39,21,Wednesday
22-09-2022,2022,Q3,9,September,39,22,Thursday
23-09-2022,2022,Q3,9,September,39,23,Friday
24-09-2022,2022,Q3,9,September,39,24,Saturday
25-09-2022,2022,Q3,9,September,39,25,Sunday
26-09-2022,2022,Q3,9,September,40,26,Monday
27-09-2022,2022,Q3,9,September,40,27,Tuesday
28-09-2022,2022,Q3,9,September,40,28,Wednesday
29-09-2022,2022,Q3,9,September,40,29,Thursday
30-09-2022,2022,Q3,9,September,40,30,Friday
01-10-2022,2022,Q4,10,October,40,1,Saturday
02-10-2022,2022,Q4,10,October,40,2,Sunday
03-10-2022,2022,Q4,10,October,41,3,Monday
04-10-2022,2022,Q4,10,October,41,4,Tuesday
05-10-2022,2022,Q4,10,October,41,5,Wednesday
06-10-2022,2022,Q4,10,October,41,6,Thursday
07-10-2022,2022,Q4,10,October,41,7,Friday
08-10-2022,2022,Q4,10,October,41,8,Saturday
09-10-2022,2022,Q4,10,October,41,9,Sunday
10-10-2022,2022,Q4,10,October,42,10,Monday
11-10-2022,2022,Q4,10,October,42,11,Tuesday
12-10-2022,2022,Q4,10,October,42,12,Wednesday
13-10-2022,2022,Q4,10,October,42,13,Thursday
14-10-2022,2022,Q4,10,October,42,14,Friday
15-10-2022,2022,Q4,10,October,42,15,Saturday
16-10-2022,2022,Q4,10,October,42,16,Sunday
17-10-2022,2022,Q4,10,October,43,17,Monday
18-10-2022,2022,Q4,10,October,43,18,Tuesday
19-10-2022,2022,Q4,10,October,43,19,Wednesday
20-10-2022,2022,Q4,10,October,43,20,Thursday
21-10-2022,2022,Q4,10,October,43,21,Friday
22-10-2022,2022,Q4,10,October,43,22,Saturday
23-10-2022,2022,Q4,10,October,43,23,Sunday
24-10-2022,2022,Q4,10,October,44,24,Monday
25-10-2022,2022,Q4,10,October,44,25,Tuesday
26-10-2022,2022,Q4,10,October,44,26,Wednesday
27-10-2022,2022,Q4,10,October,44,27,Thursday
28-10-2022,2022,Q4,10,October,44,28,Friday
29-10-2022,2022,Q4,10,October,44,29,Saturday
30-10-2022,2022,Q4,10,October,44,30,Sunday
31-10-2022,2022,Q4,10,October,45,31,Monday
01-11-2022,2022,Q4,11,November,45,1,Tuesday
02-11-2022,2022,Q4,11,November,45,2,Wednesday
03-11-2022,2022,Q4,11,November,45,3,Thursday
04-11-2022,2022,Q4,11,November,45,4,Friday
05-11-2022,2022,Q4,11,November,45,5,Saturday
06-11-2022,2022,Q4,11,November,45,6,Sunday
07-11-2022,2022,Q4,11,November,46,7,Monday
08-11-2022,2022,Q4,11,November,46,8,Tuesday
09-11-2022,2022,Q4,11,November,46,9,Wednesday
10-11-2022,2022,Q4,11,November,46,10,Thursday
11-11-2022,2022,Q4,11,November,46,11,Friday
12-11-2022,2022,Q4,11,November,46,12,Saturday
13-11-2022,2022,Q4,11,November,46,13,Sunday
14-11-2022,2022,Q4,11,November,47,14,Monday
15-11-2022,2022,Q4,11,November,47,15,Tuesday
16-11-2022,2022,Q4,11,November,47,16,Wednesday
17-11-2022,2022,Q4,11,November,47,17,Thursday
18-11-2022,2022,Q4,11,November,47,18,Friday
19-11-2022,2022,Q4,11,November,47,19,Saturday
20-11-2022,2022,Q4,11,November,47,20,Sunday
21-11-2022,2022,Q4,11,November,48,21,Monday
22-11-2022,2022,Q4,11,November,48,22,Tuesday
23-11-2022,2022,Q4,11,November,48,23,Wednesday
24-11-2022,2022,Q4,11,November,48,24,Thursday
25-11-2022,2022,Q4,11,November,48,25,Friday
26-11-2022,2022,Q4,11,November,48,26,Saturday
27-11-2022,2022,Q4,11,November,48,27,Sunday
28-11-2022,2022,Q4,11,November,49,28,Monday
29-11-2022,2022,Q4,11,November,49,29,Tuesday
30-11-2022,2022,Q4,11,November,49,30,Wednesday
01-12-2022,2022,Q4,12,December,49,1,Thursday
02-12-2022,2022,Q4,12,December,49,2,Friday
03-12-2022,2022,Q4,12,December,49,3,Saturday
04-12-2022,2022,Q4,12,December,49,4,Sunday
05-12-2022,2022,Q4,12,December,50,5,Monday
06-12-2022,2022,Q4,12,December,50,6,Tuesday
07-12-2022,2022,Q4,12,December,50,7,Wednesday
08-12-2022,2022,Q4,12,December,50,8,Thursday
09-12-2022,2022,Q4,12,December,50,9,Friday
10-12-2022,2022,Q4,12,December,50,10,Saturday
11-12-2022,2022,Q4,12,December,50,11,Sunday
12-12-2022,2022,Q4,12,December,51,12,Monday
13-12-2022,2022,Q4,12,December,51,13,Tuesday
14-12-2022,2022,Q4,12,December,51,14,Wednesday
15-12-2022,2022,Q4,12,December,51,15,Thursday
16-12-2022,2022,Q4,12,December,51,16,Friday
17-12-2022,2022,Q4,12,December,51,17,Saturday
18-12-2022,2022,Q4,12,December,51,18,Sunday
19-12-2022,2022,Q4,12,December,52,19,Monday
20-12-2022,2022,Q4,12,December,52,20,Tuesday
21-12-2022,2022,Q4,12,December,52,21,Wednesday
22-12-2022,2022,Q4,12,December,52,22,Thursday
23-12-2022,2022,Q4,12,December,52,23,Friday
24-12-2022,2022,Q4,12,December,52,24,Saturday
25-12-2022,2022,Q4,12,December,52,25,Sunday
26-12-2022,2022,Q4,12,December,53,26,Monday
27-12-2022,2022,Q4,12,December,53,27,Tuesday
28-12-2022,2022,Q4,12,December,53,28,Wednesday
29-12-2022,2022,Q4,12,December,53,29,Thursday
30-12-2022,2022,Q4,12,December,53,30,Friday
31-12-2022,2022,Q4,12,December,53,31,Saturday
01-01-2023,2023,Q1,1,January,1,1,Sunday
02-01-2023,2023,Q1,1,January,2,2,Monday
03-01-2023,2023,Q1,1,January,2,3,Tuesday
04-01-2023,2023,Q1,1,January,2,4,Wednesday
05-01-2023,2023,Q1,1,January,2,5,Thursday
06-01-2023,2023,Q1,1,January,2,6,Friday
07-01-2023,2023,Q1,1,January,2,7,Saturday
08-01-2023,2023,Q1,1,January,2,8,Sunday
09-01-2023,2023,Q1,1,January,3,9,Monday
10-01-2023,2023,Q1,1,January,3,10,Tuesday
11-01-2023,2023,Q1,1,January,3,11,Wednesday
12-01-2023,2023,Q1,1,January,3,12,Thursday
13-01-2023,2023,Q1,1,January,3,13,Friday
14-01-2023,2023,Q1,1,January,3,14,Saturday
15-01-2023,2023,Q1,1,January,3,15,Sunday
16-01-2023,2023,Q1,1,January,4,16,Monday
17-01-2023,2023,Q1,1,January,4,17,Tuesday
18-01-2023,2023,Q1,1,January,4,18,Wednesday
19-01-2023,2023,Q1,1,January,4,19,Thursday
20-01-2023,2023,Q1,1,January,4,20,Friday
21-01-2023,2023,Q1,1,January,4,21,Saturday
22-01-2023,2023,Q1,1,January,4,22,Sunday
23-01-2023,2023,Q1,1,January,5,23,Monday
24-01-2023,2023,Q1,1,January,5,24,Tuesday
25-01-2023,2023,Q1,1,January,5,25,Wednesday
26-01-2023,2023,Q1,1,January,5,26,Thursday
27-01-2023,2023,Q1,1,January,5,27,Friday
28-01-2023,2023,Q1,1,January,5,28,Saturday
29-01-2023,2023,Q1,1,January,5,29,Sunday
30-01-2023,2023,Q1,1,January,6,30,Monday
31-01-2023,2023,Q1,1,January,6,31,Tuesday
01-02-2023,2023,Q1,2,February,6,1,Wednesday
02-02-2023,2023,Q1,2,February,6,2,Thursday
03-02-2023,2023,Q1,2,February,6,3,Friday
04-02-2023,2023,Q1,2,February,6,4,Saturday
05-02-2023,2023,Q1,2,February,6,5,Sunday
06-02-2023,2023,Q1,2,February,7,6,Monday
07-02-2023,2023,Q1,2,February,7,7,Tuesday
08-02-2023,2023,Q1,2,February,7,8,Wednesday
09-02-2023,2023,Q1,2,February,7,9,Thursday
10-02-2023,2023,Q1,2,February,7,10,Friday
11-02-2023,2023,Q1,2,February,7,11,Saturday
12-02-2023,2023,Q1,2,February,7,12,Sunday
13-02-2023,2023,Q1,2,February,8,13,Monday
14-02-2023,2023,Q1,2,February,8,14,Tuesday
15-02-2023,2023,Q1,2,February,8,15,Wednesday
16-02-2023,2023,Q1,2,February,8,16,Thursday
17-02-2023,2023,Q1,2,February,8,17,Friday
18-02-2023,2023,Q1,2,February,8,18,Saturday
19-02-2023,2023,Q1,2,February,8,19,Sunday
20-02-2023,2023,Q1,2,February,9,20,Monday
21-02-2023,2023,Q1,2,February,9,21,Tuesday
22-02-2023,2023,Q1,2,February,9,22,Wednesday
23-02-2023,2023,Q1,2,February,9,23,Thursday
24-02-2023,2023,Q1,2,February,9,24,Friday
25-02-2023,2023,Q1,2,February,9,25,Saturday
26-02-2023,2023,Q1,2,February,9,26,Sunday
27-02-2023,2023,Q1,2,February,10,27,Monday
28-02-2023,2023,Q1,2,February,10,28,Tuesday
01-03-2023,2023,Q1,3,March,10,1,Wednesday
02-03-2023,2023,Q1,3,March,10,2,Thursday
03-03-2023,2023,Q1,3,March,10,3,Friday
04-03-2023,2023,Q1,3,March,10,4,Saturday
05-03-2023,2023,Q1,3,March,10,5,Sunday
06-03-2023,2023,Q1,3,March,11,6,Monday
07-03-2023,2023,Q1,3,March,11,7,Tuesday
08-03-2023,2023,Q1,3,March,11,8,Wednesday
09-03-2023,2023,Q1,3,March,11,9,Thursday
10-03-2023,2023,Q1,3,March,11,10,Friday
11-03-2023,2023,Q1,3,March,11,11,Saturday
12-03-2023,2023,Q1,3,March,11,12,Sunday
13-03-2023,2023,Q1,3,March,12,13,Monday
14-03-2023,2023,Q1,3,March,12,14,Tuesday
15-03-2023,2023,Q1,3,March,12,15,Wednesday
16-03-2023,2023,Q1,3,March,12,16,Thursday
17-03-2023,2023,Q1,3,March,12,17,Friday
18-03-2023,2023,Q1,3,March,12,18,Saturday
19-03-2023,2023,Q1,3,March,12,19,Sunday
20-03-2023,2023,Q1,3,March,13,20,Monday
21-03-2023,2023,Q1,3,March,13,21,Tuesday
22-03-2023,2023,Q1,3,March,13,22,Wednesday
23-03-2023,2023,Q1,3,March,13,23,Thursday
24-03-2023,2023,Q1,3,March,13,24,Friday
25-03-2023,2023,Q1,3,March,13,25,Saturday
26-03-2023,2023,Q1,3,March,13,26,Sunday
27-03-2023,2023,Q1,3,March,14,27,Monday
28-03-2023,2023,Q1,3,March,14,28,Tuesday
29-03-2023,2023,Q1,3,March,14,29,Wednesday
30-03-2023,2023,Q1,3,March,14,30,Thursday
31-03-2023,2023,Q1,3,March,14,31,Friday
01-04-2023,2023,Q2,4,April,14,1,Saturday
02-04-2023,2023,Q2,4,April,14,2,Sunday
03-04-2023,2023,Q2,4,April,15,3,Monday
04-04-2023,2023,Q2,4,April,15,4,Tuesday
05-04-2023,2023,Q2,4,April,15,5,Wednesday
06-04-2023,2023,Q2,4,April,15,6,Thursday
07-04-2023,2023,Q2,4,April,15,7,Friday
08-04-2023,2023,Q2,4,April,15,8,Saturday
09-04-2023,2023,Q2,4,April,15,9,Sunday
10-04-2023,2023,Q2,4,April,16,10,Monday
11-04-2023,2023,Q2,4,April,16,11,Tuesday
12-04-2023,2023,Q2,4,April,16,12,Wednesday
13-04-2023,2023,Q2,4,April,16,13,Thursday
14-04-2023,2023,Q2,4,April,16,14,Friday
15-04-2023,2023,Q2,4,April,16,15,Saturday
16-04-2023,2023,Q2,4,April,16,16,Sunday
17-04-2023,2023,Q2,4,April,17,17,Monday
18-04-2023,2023,Q2,4,April,17,18,Tuesday
19-04-2023,2023,Q2,4,April,17,19,Wednesday
20-04-2023,2023,Q2,4,April,17,20,Thursday
21-04-2023,2023,Q2,4,April,17,21,Friday
22-04-2023,2023,Q2,4,April,17,22,Saturday
23-04-2023,2023,Q2,4,April,17,23,Sunday
24-04-2023,2023,Q2,4,April,18,24,Monday
25-04-2023,2023,Q2,4,April,18,25,Tuesday
26-04-2023,2023,Q2,4,April,18,26,Wednesday
27-04-2023,2023,Q2,4,April,18,27,Thursday
28-04-2023,2023,Q2,4,April,18,28,Friday
29-04-2023,2023,Q2,4,April,18,29,Saturday
30-04-2023,2023,Q2,4,April,18,30,Sunday
01-05-2023,2023,Q2,5,May,19,1,Monday
02-05-2023,2023,Q2,5,May,19,2,Tuesday
03-05-2023,2023,Q2,5,May,19,3,Wednesday
04-05-2023,2023,Q2,5,May,19,4,Thursday
05-05-2023,2023,Q2,5,May,19,5,Friday
06-05-2023,2023,Q2,5,May,19,6,Saturday
07-05-2023,2023,Q2,5,May,19,7,Sunday
08-05-2023,2023,Q2,5,May,20,8,Monday
09-05-2023,2023,Q2,5,May,20,9,Tuesday
10-05-2023,2023,Q2,5,May,20,10,Wednesday
11-05-2023,2023,Q2,5,May,20,11,Thursday
12-05-2023,2023,Q2,5,May,20,12,Friday
13-05-2023,2023,Q2,5,May,20,13,Saturday
14-05-2023,2023,Q2,5,May,20,14,Sunday
15-05-2023,2023,Q2,5,May,21,15,Monday
16-05-2023,2023,Q2,5,May,21,16,Tuesday
17-05-2023,2023,Q2,5,May,21,17,Wednesday
18-05-2023,2023,Q2,5,May,21,18,Thursday
19-05-2023,2023,Q2,5,May,21,19,Friday
20-05-2023,2023,Q2,5,May,21,20,Saturday
21-05-2023,2023,Q2,5,May,21,21,Sunday
22-05-2023,2023,Q2,5,May,22,22,Monday
23-05-2023,2023,Q2,5,May,22,23,Tuesday
24-05-2023,2023,Q2,5,May,22,24,Wednesday
25-05-2023,2023,Q2,5,May,22,25,Thursday
26-05-2023,2023,Q2,5,May,22,26,Friday
27-05-2023,2023,Q2,5,May,22,27,Saturday
28-05-2023,2023,Q2,5,May,22,28,Sunday
29-05-2023,2023,Q2,5,May,23,29,Monday
30-05-2023,2023,Q2,5,May,23,30,Tuesday
31-05-2023,2023,Q2,5,May,23,31,Wednesday
01-06-2023,2023,Q2,6,June,23,1,Thursday
02-06-2023,2023,Q2,6,June,23,2,Friday
03-06-2023,2023,Q2,6,June,23,3,Saturday
04-06-2023,2023,Q2,6,June,23,4,Sunday
05-06-2023,2023,Q2,6,June,24,5,Monday
06-06-2023,2023,Q2,6,June,24,6,Tuesday
07-06-2023,2023,Q2,6,June,24,7,Wednesday
08-06-2023,2023,Q2,6,June,24,8,Thursday
09-06-2023,2023,Q2,6,June,24,9,Friday
10-06-2023,2023,Q2,6,June,24,10,Saturday
11-06-2023,2023,Q2,6,June,24,11,Sunday
12-06-2023,2023,Q2,6,June,25,12,Monday
13-06-2023,2023,Q2,6,June,25,13,Tuesday
14-06-2023,2023,Q2,6,June,25,14,Wednesday
15-06-2023,2023,Q2,6,June,25,15,Thursday
16-06-2023,2023,Q2,6,June,25,16,Friday
17-06-2023,2023,Q2,6,June,25,17,Saturday
18-06-2023,2023,Q2,6,June,25,18,Sunday
19-06-2023,2023,Q2,6,June,26,19,Monday
20-06-2023,2023,Q2,6,June,26,20,Tuesday
21-06-2023,2023,Q2,6,June,26,21,Wednesday
22-06-2023,2023,Q2,6,June,26,22,Thursday
23-06-2023,2023,Q2,6,June,26,23,Friday
24-06-2023,2023,Q2,6,June,26,24,Saturday
25-06-2023,2023,Q2,6,June,26,25,Sunday
26-06-2023,2023,Q2,6,June,27,26,Monday
27-06-2023,2023,Q2,6,June,27,27,Tuesday
28-06-2023,2023,Q2,6,June,27,28,Wednesday
29-06-2023,2023,Q2,6,June,27,29,Thursday
30-06-2023,2023,Q2,6,June,27,30,Friday
01-07-2023,2023,Q3,7,July,27,1,Saturday
02-07-2023,2023,Q3,7,July,27,2,Sunday
03-07-2023,2023,Q3,7,July,28,3,Monday
04-07-2023,2023,Q3,7,July,28,4,Tuesday
05-07-2023,2023,Q3,7,July,28,5,Wednesday
06-07-2023,2023,Q3,7,July,28,6,Thursday
07-07-2023,2023,Q3,7,July,28,7,Friday
08-07-2023,2023,Q3,7,July,28,8,Saturday
09-07-2023,2023,Q3,7,July,28,9,Sunday
10-07-2023,2023,Q3,7,July,29,10,Monday
11-07-2023,2023,Q3,7,July,29,11,Tuesday
12-07-2023,2023,Q3,7,July,29,12,Wednesday
13-07-2023,2023,Q3,7,July,29,13,Thursday
14-07-2023,2023,Q3,7,July,29,14,Friday
15-07-2023,2023,Q3,7,July,29,15,Saturday
16-07-2023,2023,Q3,7,July,29,16,Sunday
17-07-2023,2023,Q3,7,July,30,17,Monday
18-07-2023,2023,Q3,7,July,30,18,Tuesday
19-07-2023,2023,Q3,7,July,30,19,Wednesday
20-07-2023,2023,Q3,7,July,30,20,Thursday
21-07-2023,2023,Q3,7,July,30,21,Friday
22-07-2023,2023,Q3,7,July,30,22,Saturday
23-07-2023,2023,Q3,7,July,30,23,Sunday
24-07-2023,2023,Q3,7,July,31,24,Monday
25-07-2023,2023,Q3,7,July,31,25,Tuesday
26-07-2023,2023,Q3,7,July,31,26,Wednesday
27-07-2023,2023,Q3,7,July,31,27,Thursday
28-07-2023,2023,Q3,7,July,31,28,Friday
29-07-2023,2023,Q3,7,July,31,29,Saturday
30-07-2023,2023,Q3,7,July,31,30,Sunday
31-07-2023,2023,Q3,7,July,32,31,Monday
01-08-2023,2023,Q3,8,August,32,1,Tuesday
02-08-2023,2023,Q3,8,August,32,2,Wednesday
03-08-2023,2023,Q3,8,August,32,3,Thursday
04-08-2023,2023,Q3,8,August,32,4,Friday
05-08-2023,2023,Q3,8,August,32,5,Saturday
06-08-2023,2023,Q3,8,August,32,6,Sunday
07-08-2023,2023,Q3,8,August,33,7,Monday
08-08-2023,2023,Q3,8,August,33,8,Tuesday
09-08-2023,2023,Q3,8,August,33,9,Wednesday
10-08-2023,2023,Q3,8,August,33,10,Thursday
11-08-2023,2023,Q3,8,August,33,11,Friday
12-08-2023,2023,Q3,8,August,33,12,Saturday
13-08-2023,2023,Q3,8,August,33,13,Sunday
14-08-2023,2023,Q3,8,August,34,14,Monday
15-08-2023,2023,Q3,8,August,34,15,Tuesday
16-08-2023,2023,Q3,8,August,34,16,Wednesday
17-08-2023,2023,Q3,8,August,34,17,Thursday
18-08-2023,2023,Q3,8,August,34,18,Friday
19-08-2023,2023,Q3,8,August,34,19,Saturday
20-08-2023,2023,Q3,8,August,34,20,Sunday
21-08-2023,2023,Q3,8,August,35,21,Monday
22-08-2023,2023,Q3,8,August,35,22,Tuesday
23-08-2023,2023,Q3,8,August,35,23,Wednesday
24-08-2023,2023,Q3,8,August,35,24,Thursday
25-08-2023,2023,Q3,8,August,35,25,Friday
26-08-2023,2023,Q3,8,August,35,26,Saturday
27-08-2023,2023,Q3,8,August,35,27,Sunday
28-08-2023,2023,Q3,8,August,36,28,Monday
29-08-2023,2023,Q3,8,August,36,29,Tuesday
30-08-2023,2023,Q3,8,August,36,30,Wednesday
31-08-2023,2023,Q3,8,August,36,31,Thursday
01-09-2023,2023,Q3,9,September,36,1,Friday
02-09-2023,2023,Q3,9,September,36,2,Saturday
03-09-2023,2023,Q3,9,September,36,3,Sunday
04-09-2023,2023,Q3,9,September,37,4,Monday
05-09-2023,2023,Q3,9,September,37,5,Tuesday
06-09-2023,2023,Q3,9,September,37,6,Wednesday
07-09-2023,2023,Q3,9,September,37,7,Thursday
08-09-2023,2023,Q3,9,September,37,8,Friday
09-09-2023,2023,Q3,9,September,37,9,Saturday
10-09-2023,2023,Q3,9,September,37,10,Sunday
11-09-2023,2023,Q3,9,September,38,11,Monday
12-09-2023,2023,Q3,9,September,38,12,Tuesday
13-09-2023,2023,Q3,9,September,38,13,Wednesday
14-09-2023,2023,Q3,9,September,38,14,Thursday
15-09-2023,2023,Q3,9,September,38,15,Friday
16-09-2023,2023,Q3,9,September,38,16,Saturday
17-09-2023,2023,Q3,9,September,38,17,Sunday
18-09-2023,2023,Q3,9,September,39,18,Monday
19-09-2023,2023,Q3,9,September,39,19,Tuesday
20-09-2023,2023,Q3,9,September,39,20,Wednesday
21-09-2023,2023,Q3,9,September,39,21,Thursday
22-09-2023,2023,Q3,9,September,39,22,Friday
23-09-2023,2023,Q3,9,September,39,23,Saturday
24-09-2023,2023,Q3,9,September,39,24,Sunday
25-09-2023,2023,Q3,9,September,40,25,Monday
26-09-2023,2023,Q3,9,September,40,26,Tuesday
27-09-2023,2023,Q3,9,September,40,27,Wednesday
28-09-2023,2023,Q3,9,September,40,28,Thursday
29-09-2023,2023,Q3,9,September,40,29,Friday
30-09-2023,2023,Q3,9,September,40,30,Saturday
01-10-2023,2023,Q4,10,October,40,1,Sunday
02-10-2023,2023,Q4,10,October,41,2,Monday
03-10-2023,2023,Q4,10,October,41,3,Tuesday
04-10-2023,2023,Q4,10,October,41,4,Wednesday
05-10-2023,2023,Q4,10,October,41,5,Thursday
06-10-2023,2023,Q4,10,October,41,6,Friday
07-10-2023,2023,Q4,10,October,41,7,Saturday
08-10-2023,2023,Q4,10,October,41,8,Sunday
09-10-2023,2023,Q4,10,October,42,9,Monday
10-10-2023,2023,Q4,10,October,42,10,Tuesday
11-10-2023,2023,Q4,10,October,42,11,Wednesday
12-10-2023,2023,Q4,10,October,42,12,Thursday
13-10-2023,2023,Q4,10,October,42,13,Friday
14-10-2023,2023,Q4,10,October,42,14,Saturday
15-10-2023,2023,Q4,10,October,42,15,Sunday
16-10-2023,2023,Q4,10,October,43,16,Monday
17-10-2023,2023,Q4,10,October,43,17,Tuesday
18-10-2023,2023,Q4,10,October,43,18,Wednesday
19-10-2023,2023,Q4,10,October,43,19,Thursday
20-10-2023,2023,Q4,10,October,43,20,Friday
21-10-2023,2023,Q4,10,October,43,21,Saturday
22-10-2023,2023,Q4,10,October,43,22,Sunday
23-10-2023,2023,Q4,10,October,44,23,Monday
24-10-2023,2023,Q4,10,October,44,24,Tuesday
25-10-2023,2023,Q4,10,October,44,25,Wednesday
26-10-2023,2023,Q4,10,October,44,26,Thursday
27-10-2023,2023,Q4,10,October,44,27,Friday
28-10-2023,2023,Q4,10,October,44,28,Saturday
29-10-2023,2023,Q4,10,October,44,29,Sunday
30-10-2023,2023,Q4,10,October,45,30,Monday
31-10-2023,2023,Q4,10,October,45,31,Tuesday
01-11-2023,2023,Q4,11,November,45,1,Wednesday
02-11-2023,2023,Q4,11,November,45,2,Thursday
03-11-2023,2023,Q4,11,November,45,3,Friday
04-11-2023,2023,Q4,11,November,45,4,Saturday
05-11-2023,2023,Q4,11,November,45,5,Sunday
06-11-2023,2023,Q4,11,November,46,6,Monday
07-11-2023,2023,Q4,11,November,46,7,Tuesday
08-11-2023,2023,Q4,11,November,46,8,Wednesday
09-11-2023,2023,Q4,11,November,46,9,Thursday
10-11-2023,2023,Q4,11,November,46,10,Friday
11-11-2023,2023,Q4,11,November,46,11,Saturday
12-11-2023,2023,Q4,11,November,46,12,Sunday
13-11-2023,2023,Q4,11,November,47,13,Monday
14-11-2023,2023,Q4,11,November,47,14,Tuesday
15-11-2023,2023,Q4,11,November,47,15,Wednesday
16-11-2023,2023,Q4,11,November,47,16,Thursday
17-11-2023,2023,Q4,11,November,47,17,Friday
18-11-2023,2023,Q4,11,November,47,18,Saturday
19-11-2023,2023,Q4,11,November,47,19,Sunday
20-11-2023,2023,Q4,11,November,48,20,Monday
21-11-2023,2023,Q4,11,November,48,21,Tuesday
22-11-2023,2023,Q4,11,November,48,22,Wednesday
23-11-2023,2023,Q4,11,November,48,23,Thursday
24-11-2023,2023,Q4,11,November,48,24,Friday
25-11-2023,2023,Q4,11,November,48,25,Saturday
26-11-2023,2023,Q4,11,November,48,26,Sunday
27-11-2023,2023,Q4,11,November,49,27,Monday
28-11-2023,2023,Q4,11,November,49,28,Tuesday
29-11-2023,2023,Q4,11,November,49,29,Wednesday
30-11-2023,2023,Q4,11,November,49,30,Thursday
01-12-2023,2023,Q4,12,December,49,1,Friday
02-12-2023,2023,Q4,12,December,49,2,Saturday
03-12-2023,2023,Q4,12,December,49,3,Sunday
04-12-2023,2023,Q4,12,December,50,4,Monday
05-12-2023,2023,Q4,12,December,50,5,Tuesday
06-12-2023,2023,Q4,12,December,50,6,Wednesday
07-12-2023,2023,Q4,12,December,50,7,Thursday
08-12-2023,2023,Q4,12,December,50,8,Friday
09-12-2023,2023,Q4,12,December,50,9,Saturday
10-12-2023,2023,Q4,12,December,50,10,Sunday
11-12-2023,2023,Q4,12,December,51,11,Monday
12-12-2023,2023,Q4,12,December,51,12,Tuesday
13-12-2023,2023,Q4,12,December,51,13,Wednesday
14-12-2023,2023,Q4,12,December,51,14,Thursday
15-12-2023,2023,Q4,12,December,51,15,Friday
16-12-2023,2023,Q4,12,December,51,16,Saturday
17-12-2023,2023,Q4,12,December,51,17,Sunday
18-12-2023,2023,Q4,12,December,52,18,Monday
19-12-2023,2023,Q4,12,December,52,19,Tuesday
20-12-2023,2023,Q4,12,December,52,20,Wednesday
21-12-2023,2023,Q4,12,December,52,21,Thursday
22-12-2023,2023,Q4,12,December,52,22,Friday
23-12-2023,2023,Q4,12,December,52,23,Saturday
24-12-2023,2023,Q4,12,December,52,24,Sunday
25-12-2023,2023,Q4,12,December,53,25,Monday
26-12-2023,2023,Q4,12,December,53,26,Tuesday
27-12-2023,2023,Q4,12,December,53,27,Wednesday
28-12-2023,2023,Q4,12,December,53,28,Thursday
29-12-2023,2023,Q4,12,December,53,29,Friday
30-12-2023,2023,Q4,12,December,53,30,Saturday
31-12-2023,2023,Q4,12,December,53,31,Sunday
01-01-2024,2024,Q1,1,January,1,1,Monday
02-01-2024,2024,Q1,1,January,1,2,Tuesday
03-01-2024,2024,Q1,1,January,1,3,Wednesday
04-01-2024,2024,Q1,1,January,1,4,Thursday
05-01-2024,2024,Q1,1,January,1,5,Friday
06-01-2024,2024,Q1,1,January,1,6,Saturday
07-01-2024,2024,Q1,1,January,1,7,Sunday
08-01-2024,2024,Q1,1,January,2,8,Monday
09-01-2024,2024,Q1,1,January,2,9,Tuesday
10-01-2024,2024,Q1,1,January,2,10,Wednesday
11-01-2024,2024,Q1,1,January,2,11,Thursday
12-01-2024,2024,Q1,1,January,2,12,Friday
13-01-2024,2024,Q1,1,January,2,13,Saturday
14-01-2024,2024,Q1,1,January,2,14,Sunday
15-01-2024,2024,Q1,1,January,3,15,Monday
16-01-2024,2024,Q1,1,January,3,16,Tuesday
17-01-2024,2024,Q1,1,January,3,17,Wednesday
18-01-2024,2024,Q1,1,January,3,18,Thursday
19-01-2024,2024,Q1,1,January,3,19,Friday
20-01-2024,2024,Q1,1,January,3,20,Saturday
21-01-2024,2024,Q1,1,January,3,21,Sunday
22-01-2024,2024,Q1,1,January,4,22,Monday
23-01-2024,2024,Q1,1,January,4,23,Tuesday
24-01-2024,2024,Q1,1,January,4,24,Wednesday
25-01-2024,2024,Q1,1,January,4,25,Thursday
26-01-2024,2024,Q1,1,January,4,26,Friday
27-01-2024,2024,Q1,1,January,4,27,Saturday
28-01-2024,2024,Q1,1,January,4,28,Sunday
29-01-2024,2024,Q1,1,January,5,29,Monday
30-01-2024,2024,Q1,1,January,5,30,Tuesday
31-01-2024,2024,Q1,1,January,5,31,Wednesday
01-02-2024,2024,Q1,2,February,5,1,Thursday
02-02-2024,2024,Q1,2,February,5,2,Friday
03-02-2024,2024,Q1,2,February,5,3,Saturday
04-02-2024,2024,Q1,2,February,5,4,Sunday
05-02-2024,2024,Q1,2,February,6,5,Monday
06-02-2024,2024,Q1,2,February,6,6,Tuesday
07-02-2024,2024,Q1,2,February,6,7,Wednesday
08-02-2024,2024,Q1,2,February,6,8,Thursday
09-02-2024,2024,Q1,2,February,6,9,Friday
10-02-2024,2024,Q1,2,February,6,10,Saturday
11-02-2024,2024,Q1,2,February,6,11,Sunday
12-02-2024,2024,Q1,2,February,7,12,Monday
13-02-2024,2024,Q1,2,February,7,13,Tuesday
14-02-2024,2024,Q1,2,February,7,14,Wednesday
15-02-2024,2024,Q1,2,February,7,15,Thursday
16-02-2024,2024,Q1,2,February,7,16,Friday
17-02-2024,2024,Q1,2,February,7,17,Saturday
18-02-2024,2024,Q1,2,February,7,18,Sunday
19-02-2024,2024,Q1,2,February,8,19,Monday
20-02-2024,2024,Q1,2,February,8,20,Tuesday
21-02-2024,2024,Q1,2,February,8,21,Wednesday
22-02-2024,2024,Q1,2,February,8,22,Thursday
23-02-2024,2024,Q1,2,February,8,23,Friday
24-02-2024,2024,Q1,2,February,8,24,Saturday
25-02-2024,2024,Q1,2,February,8,25,Sunday
26-02-2024,2024,Q1,2,February,9,26,Monday
27-02-2024,2024,Q1,2,February,9,27,Tuesday
28-02-2024,2024,Q1,2,February,9,28,Wednesday
29-02-2024,2024,Q1,2,February,9,29,Thursday
01-03-2024,2024,Q1,3,March,9,1,Friday
02-03-2024,2024,Q1,3,March,9,2,Saturday
03-03-2024,2024,Q1,3,March,9,3,Sunday
04-03-2024,2024,Q1,3,March,10,4,Monday
05-03-2024,2024,Q1,3,March,10,5,Tuesday
06-03-2024,2024,Q1,3,March,10,6,Wednesday
07-03-2024,2024,Q1,3,March,10,7,Thursday
08-03-2024,2024,Q1,3,March,10,8,Friday
09-03-2024,2024,Q1,3,March,10,9,Saturday
10-03-2024,2024,Q1,3,March,10,10,Sunday
11-03-2024,2024,Q1,3,March,11,11,Monday
12-03-2024,2024,Q1,3,March,11,12,Tuesday
13-03-2024,2024,Q1,3,March,11,13,Wednesday
14-03-2024,2024,Q1,3,March,11,14,Thursday
15-03-2024,2024,Q1,3,March,11,15,Friday
16-03-2024,2024,Q1,3,March,11,16,Saturday
17-03-2024,2024,Q1,3,March,11,17,Sunday
18-03-2024,2024,Q1,3,March,12,18,Monday
19-03-2024,2024,Q1,3,March,12,19,Tuesday
20-03-2024,2024,Q1,3,March,12,20,Wednesday
21-03-2024,2024,Q1,3,March,12,21,Thursday
22-03-2024,2024,Q1,3,March,12,22,Friday
23-03-2024,2024,Q1,3,March,12,23,Saturday
24-03-2024,2024,Q1,3,March,12,24,Sunday
25-03-2024,2024,Q1,3,March,13,25,Monday
26-03-2024,2024,Q1,3,March,13,26,Tuesday
27-03-2024,2024,Q1,3,March,13,27,Wednesday
28-03-2024,2024,Q1,3,March,13,28,Thursday
29-03-2024,2024,Q1,3,March,13,29,Friday
30-03-2024,2024,Q1,3,March,13,30,Saturday
31-03-2024,2024,Q1,3,March,13,31,Sunday
01-04-2024,2024,Q2,4,April,14,1,Monday
02-04-2024,2024,Q2,4,April,14,2,Tuesday
03-04-2024,2024,Q2,4,April,14,3,Wednesday
04-04-2024,2024,Q2,4,April,14,4,Thursday
05-04-2024,2024,Q2,4,April,14,5,Friday
06-04-2024,2024,Q2,4,April,14,6,Saturday
07-04-2024,2024,Q2,4,April,14,7,Sunday
08-04-2024,2024,Q2,4,April,15,8,Monday
09-04-2024,2024,Q2,4,April,15,9,Tuesday
10-04-2024,2024,Q2,4,April,15,10,Wednesday
11-04-2024,2024,Q2,4,April,15,11,Thursday
12-04-2024,2024,Q2,4,April,15,12,Friday
13-04-2024,2024,Q2,4,April,15,13,Saturday
14-04-2024,2024,Q2,4,April,15,14,Sunday
15-04-2024,2024,Q2,4,April,16,15,Monday
16-04-2024,2024,Q2,4,April,16,16,Tuesday
17-04-2024,2024,Q2,4,April,16,17,Wednesday
18-04-2024,2024,Q2,4,April,16,18,Thursday
19-04-2024,2024,Q2,4,April,16,19,Friday
20-04-2024,2024,Q2,4,April,16,20,Saturday
21-04-2024,2024,Q2,4,April,16,21,Sunday
22-04-2024,2024,Q2,4,April,17,22,Monday
23-04-2024,2024,Q2,4,April,17,23,Tuesday
24-04-2024,2024,Q2,4,April,17,24,Wednesday
25-04-2024,2024,Q2,4,April,17,25,Thursday
26-04-2024,2024,Q2,4,April,17,26,Friday
27-04-2024,2024,Q2,4,April,17,27,Saturday
28-04-2024,2024,Q2,4,April,17,28,Sunday
29-04-2024,2024,Q2,4,April,18,29,Monday
30-04-2024,2024,Q2,4,April,18,30,Tuesday
01-05-2024,2024,Q2,5,May,18,1,Wednesday
02-05-2024,2024,Q2,5,May,18,2,Thursday
03-05-2024,2024,Q2,5,May,18,3,Friday
04-05-2024,2024,Q2,5,May,18,4,Saturday
05-05-2024,2024,Q2,5,May,18,5,Sunday
06-05-2024,2024,Q2,5,May,19,6,Monday
07-05-2024,2024,Q2,5,May,19,7,Tuesday
08-05-2024,2024,Q2,5,May,19,8,Wednesday
09-05-2024,2024,Q2,5,May,19,9,Thursday
10-05-2024,2024,Q2,5,May,19,10,Friday
11-05-2024,2024,Q2,5,May,19,11,Saturday
12-05-2024,2024,Q2,5,May,19,12,Sunday
13-05-2024,2024,Q2,5,May,20,13,Monday
14-05-2024,2024,Q2,5,May,20,14,Tuesday
15-05-2024,2024,Q2,5,May,20,15,Wednesday
16-05-2024,2024,Q2,5,May,20,16,Thursday
17-05-2024,2024,Q2,5,May,20,17,Friday
18-05-2024,2024,Q2,5,May,20,18,Saturday
19-05-2024,2024,Q2,5,May,20,19,Sunday
20-05-2024,2024,Q2,5,May,21,20,Monday
21-05-2024,2024,Q2,5,May,21,21,Tuesday
22-05-2024,2024,Q2,5,May,21,22,Wednesday
23-05-2024,2024,Q2,5,May,21,23,Thursday
24-05-2024,2024,Q2,5,May,21,24,Friday
25-05-2024,2024,Q2,5,May,21,25,Saturday
26-05-2024,2024,Q2,5,May,21,26,Sunday
27-05-2024,2024,Q2,5,May,22,27,Monday
28-05-2024,2024,Q2,5,May,22,28,Tuesday
29-05-2024,2024,Q2,5,May,22,29,Wednesday
30-05-2024,2024,Q2,5,May,22,30,Thursday
31-05-2024,2024,Q2,5,May,22,31,Friday
01-06-2024,2024,Q2,6,June,22,1,Saturday
02-06-2024,2024,Q2,6,June,22,2,Sunday
03-06-2024,2024,Q2,6,June,23,3,Monday
04-06-2024,2024,Q2,6,June,23,4,Tuesday
05-06-2024,2024,Q2,6,June,23,5,Wednesday
06-06-2024,2024,Q2,6,June,23,6,Thursday
07-06-2024,2024,Q2,6,June,23,7,Friday
08-06-2024,2024,Q2,6,June,23,8,Saturday
09-06-2024,2024,Q2,6,June,23,9,Sunday
10-06-2024,2024,Q2,6,June,24,10,Monday
11-06-2024,2024,Q2,6,June,24,11,Tuesday
12-06-2024,2024,Q2,6,June,24,12,Wednesday
13-06-2024,2024,Q2,6,June,24,13,Thursday
14-06-2024,2024,Q2,6,June,24,14,Friday
15-06-2024,2024,Q2,6,June,24,15,Saturday
16-06-2024,2024,Q2,6,June,24,16,Sunday
17-06-2024,2024,Q2,6,June,25,17,Monday
18-06-2024,2024,Q2,6,June,25,18,Tuesday
19-06-2024,2024,Q2,6,June,25,19,Wednesday
20-06-2024,2024,Q2,6,June,25,20,Thursday
21-06-2024,2024,Q2,6,June,25,21,Friday
22-06-2024,2024,Q2,6,June,25,22,Saturday
23-06-2024,2024,Q2,6,June,25,23,Sunday
24-06-2024,2024,Q2,6,June,26,24,Monday
25-06-2024,2024,Q2,6,June,26,25,Tuesday
26-06-2024,2024,Q2,6,June,26,26,Wednesday
27-06-2024,2024,Q2,6,June,26,27,Thursday
28-06-2024,2024,Q2,6,June,26,28,Friday
29-06-2024,2024,Q2,6,June,26,29,Saturday
30-06-2024,2024,Q2,6,June,26,30,Sunday
01-07-2024,2024,Q3,7,July,27,1,Monday
02-07-2024,2024,Q3,7,July,27,2,Tuesday
03-07-2024,2024,Q3,7,July,27,3,Wednesday
04-07-2024,2024,Q3,7,July,27,4,Thursday
05-07-2024,2024,Q3,7,July,27,5,Friday
06-07-2024,2024,Q3,7,July,27,6,Saturday
07-07-2024,2024,Q3,7,July,27,7,Sunday
08-07-2024,2024,Q3,7,July,28,8,Monday
09-07-2024,2024,Q3,7,July,28,9,Tuesday
10-07-2024,2024,Q3,7,July,28,10,Wednesday
11-07-2024,2024,Q3,7,July,28,11,Thursday
12-07-2024,2024,Q3,7,July,28,12,Friday
13-07-2024,2024,Q3,7,July,28,13,Saturday
14-07-2024,2024,Q3,7,July,28,14,Sunday
15-07-2024,2024,Q3,7,July,29,15,Monday
16-07-2024,2024,Q3,7,July,29,16,Tuesday
17-07-2024,2024,Q3,7,July,29,17,Wednesday
18-07-2024,2024,Q3,7,July,29,18,Thursday
19-07-2024,2024,Q3,7,July,29,19,Friday
20-07-2024,2024,Q3,7,July,29,20,Saturday
21-07-2024,2024,Q3,7,July,29,21,Sunday
22-07-2024,2024,Q3,7,July,30,22,Monday
23-07-2024,2024,Q3,7,July,30,23,Tuesday
24-07-2024,2024,Q3,7,July,30,24,Wednesday
25-07-2024,2024,Q3,7,July,30,25,Thursday
26-07-2024,2024,Q3,7,July,30,26,Friday
27-07-2024,2024,Q3,7,July,30,27,Saturday
28-07-2024,2024,Q3,7,July,30,28,Sunday
29-07-2024,2024,Q3,7,July,31,29,Monday
30-07-2024,2024,Q3,7,July,31,30,Tuesday
31-07-2024,2024,Q3,7,July,31,31,Wednesday
01-08-2024,2024,Q3,8,August,31,1,Thursday
02-08-2024,2024,Q3,8,August,31,2,Friday
03-08-2024,2024,Q3,8,August,31,3,Saturday
04-08-2024,2024,Q3,8,August,31,4,Sunday
05-08-2024,2024,Q3,8,August,32,5,Monday
06-08-2024,2024,Q3,8,August,32,6,Tuesday
07-08-2024,2024,Q3,8,August,32,7,Wednesday
08-08-2024,2024,Q3,8,August,32,8,Thursday
09-08-2024,2024,Q3,8,August,32,9,Friday
10-08-2024,2024,Q3,8,August,32,10,Saturday
11-08-2024,2024,Q3,8,August,32,11,Sunday
12-08-2024,2024,Q3,8,August,33,12,Monday
13-08-2024,2024,Q3,8,August,33,13,Tuesday
14-08-2024,2024,Q3,8,August,33,14,Wednesday
15-08-2024,2024,Q3,8,August,33,15,Thursday
16-08-2024,2024,Q3,8,August,33,16,Friday
17-08-2024,2024,Q3,8,August,33,17,Saturday
18-08-2024,2024,Q3,8,August,33,18,Sunday
19-08-2024,2024,Q3,8,August,34,19,Monday
20-08-2024,2024,Q3,8,August,34,20,Tuesday
21-08-2024,2024,Q3,8,August,34,21,Wednesday
22-08-2024,2024,Q3,8,August,34,22,Thursday
23-08-2024,2024,Q3,8,August,34,23,Friday
24-08-2024,2024,Q3,8,August,34,24,Saturday
25-08-2024,2024,Q3,8,August,34,25,Sunday
26-08-2024,2024,Q3,8,August,35,26,Monday
27-08-2024,2024,Q3,8,August,35,27,Tuesday
28-08-2024,2024,Q3,8,August,35,28,Wednesday
29-08-2024,2024,Q3,8,August,35,29,Thursday
30-08-2024,2024,Q3,8,August,35,30,Friday
31-08-2024,2024,Q3,8,August,35,31,Saturday
01-09-2024,2024,Q3,9,September,35,1,Sunday
02-09-2024,2024,Q3,9,September,36,2,Monday
03-09-2024,2024,Q3,9,September,36,3,Tuesday
04-09-2024,2024,Q3,9,September,36,4,Wednesday
05-09-2024,2024,Q3,9,September,36,5,Thursday
06-09-2024,2024,Q3,9,September,36,6,Friday
07-09-2024,2024,Q3,9,September,36,7,Saturday
08-09-2024,2024,Q3,9,September,36,8,Sunday
09-09-2024,2024,Q3,9,September,37,9,Monday
10-09-2024,2024,Q3,9,September,37,10,Tuesday
11-09-2024,2024,Q3,9,September,37,11,Wednesday
12-09-2024,2024,Q3,9,September,37,12,Thursday
13-09-2024,2024,Q3,9,September,37,13,Friday
14-09-2024,2024,Q3,9,September,37,14,Saturday
15-09-2024,2024,Q3,9,September,37,15,Sunday
16-09-2024,2024,Q3,9,September,38,16,Monday
17-09-2024,2024,Q3,9,September,38,17,Tuesday
18-09-2024,2024,Q3,9,September,38,18,Wednesday
19-09-2024,2024,Q3,9,September,38,19,Thursday
20-09-2024,2024,Q3,9,September,38,20,Friday
21-09-2024,2024,Q3,9,September,38,21,Saturday
22-09-2024,2024,Q3,9,September,38,22,Sunday
23-09-2024,2024,Q3,9,September,39,23,Monday
24-09-2024,2024,Q3,9,September,39,24,Tuesday
25-09-2024,2024,Q3,9,September,39,25,Wednesday
26-09-2024,2024,Q3,9,September,39,26,Thursday
27-09-2024,2024,Q3,9,September,39,27,Friday
28-09-2024,2024,Q3,9,September,39,28,Saturday
29-09-2024,2024,Q3,9,September,39,29,Sunday
30-09-2024,2024,Q3,9,September,40,30,Monday
01-10-2024,2024,Q4,10,October,40,1,Tuesday
02-10-2024,2024,Q4,10,October,40,2,Wednesday
03-10-2024,2024,Q4,10,October,40,3,Thursday
04-10-2024,2024,Q4,10,October,40,4,Friday
05-10-2024,2024,Q4,10,October,40,5,Saturday
06-10-2024,2024,Q4,10,October,40,6,Sunday
07-10-2024,2024,Q4,10,October,41,7,Monday
08-10-2024,2024,Q4,10,October,41,8,Tuesday
09-10-2024,2024,Q4,10,October,41,9,Wednesday
10-10-2024,2024,Q4,10,October,41,10,Thursday
11-10-2024,2024,Q4,10,October,41,11,Friday
12-10-2024,2024,Q4,10,October,41,12,Saturday
13-10-2024,2024,Q4,10,October,41,13,Sunday
14-10-2024,2024,Q4,10,October,42,14,Monday
15-10-2024,2024,Q4,10,October,42,15,Tuesday
16-10-2024,2024,Q4,10,October,42,16,Wednesday
17-10-2024,2024,Q4,10,October,42,17,Thursday
18-10-2024,2024,Q4,10,October,42,18,Friday
19-10-2024,2024,Q4,10,October,42,19,Saturday
20-10-2024,2024,Q4,10,October,42,20,Sunday
21-10-2024,2024,Q4,10,October,43,21,Monday
22-10-2024,2024,Q4,10,October,43,22,Tuesday
23-10-2024,2024,Q4,10,October,43,23,Wednesday
24-10-2024,2024,Q4,10,October,43,24,Thursday
25-10-2024,2024,Q4,10,October,43,25,Friday
26-10-2024,2024,Q4,10,October,43,26,Saturday
27-10-2024,2024,Q4,10,October,43,27,Sunday
28-10-2024,2024,Q4,10,October,44,28,Monday
29-10-2024,2024,Q4,10,October,44,29,Tuesday
30-10-2024,2024,Q4,10,October,44,30,Wednesday
31-10-2024,2024,Q4,10,October,44,31,Thursday
01-11-2024,2024,Q4,11,November,44,1,Friday
02-11-2024,2024,Q4,11,November,44,2,Saturday
03-11-2024,2024,Q4,11,November,44,3,Sunday
04-11-2024,2024,Q4,11,November,45,4,Monday
05-11-2024,2024,Q4,11,November,45,5,Tuesday
06-11-2024,2024,Q4,11,November,45,6,Wednesday
07-11-2024,2024,Q4,11,November,45,7,Thursday
08-11-2024,2024,Q4,11,November,45,8,Friday
09-11-2024,2024,Q4,11,November,45,9,Saturday
10-11-2024,2024,Q4,11,November,45,10,Sunday
11-11-2024,2024,Q4,11,November,46,11,Monday
12-11-2024,2024,Q4,11,November,46,12,Tuesday
13-11-2024,2024,Q4,11,November,46,13,Wednesday
14-11-2024,2024,Q4,11,November,46,14,Thursday
15-11-2024,2024,Q4,11,November,46,15,Friday
16-11-2024,2024,Q4,11,November,46,16,Saturday
17-11-2024,2024,Q4,11,November,46,17,Sunday
18-11-2024,2024,Q4,11,November,47,18,Monday
19-11-2024,2024,Q4,11,November,47,19,Tuesday
20-11-2024,2024,Q4,11,November,47,20,Wednesday
21-11-2024,2024,Q4,11,November,47,21,Thursday
22-11-2024,2024,Q4,11,November,47,22,Friday
23-11-2024,2024,Q4,11,November,47,23,Saturday
24-11-2024,2024,Q4,11,November,47,24,Sunday
25-11-2024,2024,Q4,11,November,48,25,Monday
26-11-2024,2024,Q4,11,November,48,26,Tuesday
27-11-2024,2024,Q4,11,November,48,27,Wednesday
28-11-2024,2024,Q4,11,November,48,28,Thursday
29-11-2024,2024,Q4,11,November,48,29,Friday
30-11-2024,2024,Q4,11,November,48,30,Saturday
01-12-2024,2024,Q4,12,December,48,1,Sunday
02-12-2024,2024,Q4,12,December,49,2,Monday
03-12-2024,2024,Q4,12,December,49,3,Tuesday
04-12-2024,2024,Q4,12,December,49,4,Wednesday
05-12-2024,2024,Q4,12,December,49,5,Thursday
06-12-2024,2024,Q4,12,December,49,6,Friday
07-12-2024,2024,Q4,12,December,49,7,Saturday
08-12-2024,2024,Q4,12,December,49,8,Sunday
09-12-2024,2024,Q4,12,December,50,9,Monday
10-12-2024,2024,Q4,12,December,50,10,Tuesday
11-12-2024,2024,Q4,12,December,50,11,Wednesday
12-12-2024,2024,Q4,12,December,50,12,Thursday
13-12-2024,2024,Q4,12,December,50,13,Friday
14-12-2024,2024,Q4,12,December,50,14,Saturday
15-12-2024,2024,Q4,12,December,50,15,Sunday
16-12-2024,2024,Q4,12,December,51,16,Monday
17-12-2024,2024,Q4,12,December,51,17,Tuesday
18-12-2024,2024,Q4,12,December,51,18,Wednesday
19-12-2024,2024,Q4,12,December,51,19,Thursday
20-12-2024,2024,Q4,12,December,51,20,Friday
21-12-2024,2024,Q4,12,December,51,21,Saturday
22-12-2024,2024,Q4,12,December,51,22,Sunday
23-12-2024,2024,Q4,12,December,52,23,Monday
24-12-2024,2024,Q4,12,December,52,24,Tuesday
25-12-2024,2024,Q4,12,December,52,25,Wednesday
26-12-2024,2024,Q4,12,December,52,26,Thursday
27-12-2024,2024,Q4,12,December,52,27,Friday
28-12-2024,2024,Q4,12,December,52,28,Saturday
29-12-2024,2024,Q4,12,December,52,29,Sunday
30-12-2024,2024,Q4,12,December,53,30,Monday
31-12-2024,2024,Q4,12,December,53,31,Tuesday
01-01-2025,2025,Q1,1,January,1,1,Wednesday
02-01-2025,2025,Q1,1,January,1,2,Thursday
03-01-2025,2025,Q1,1,January,1,3,Friday
04-01-2025,2025,Q1,1,January,1,4,Saturday
05-01-2025,2025,Q1,1,January,1,5,Sunday
06-01-2025,2025,Q1,1,January,2,6,Monday
07-01-2025,2025,Q1,1,January,2,7,Tuesday
08-01-2025,2025,Q1,1,January,2,8,Wednesday
09-01-2025,2025,Q1,1,January,2,9,Thursday
10-01-2025,2025,Q1,1,January,2,10,Friday
11-01-2025,2025,Q1,1,January,2,11,Saturday
12-01-2025,2025,Q1,1,January,2,12,Sunday
13-01-2025,2025,Q1,1,January,3,13,Monday
14-01-2025,2025,Q1,1,January,3,14,Tuesday
15-01-2025,2025,Q1,1,January,3,15,Wednesday
16-01-2025,2025,Q1,1,January,3,16,Thursday
17-01-2025,2025,Q1,1,January,3,17,Friday
18-01-2025,2025,Q1,1,January,3,18,Saturday
19-01-2025,2025,Q1,1,January,3,19,Sunday
20-01-2025,2025,Q1,1,January,4,20,Monday
21-01-2025,2025,Q1,1,January,4,21,Tuesday
22-01-2025,2025,Q1,1,January,4,22,Wednesday
23-01-2025,2025,Q1,1,January,4,23,Thursday
24-01-2025,2025,Q1,1,January,4,24,Friday
25-01-2025,2025,Q1,1,January,4,25,Saturday
26-01-2025,2025,Q1,1,January,4,26,Sunday
27-01-2025,2025,Q1,1,January,5,27,Monday
28-01-2025,2025,Q1,1,January,5,28,Tuesday
29-01-2025,2025,Q1,1,January,5,29,Wednesday
30-01-2025,2025,Q1,1,January,5,30,Thursday
31-01-2025,2025,Q1,1,January,5,31,Friday
01-02-2025,2025,Q1,2,February,5,1,Saturday
02-02-2025,2025,Q1,2,February,5,2,Sunday
03-02-2025,2025,Q1,2,February,6,3,Monday
04-02-2025,2025,Q1,2,February,6,4,Tuesday
05-02-2025,2025,Q1,2,February,6,5,Wednesday
06-02-2025,2025,Q1,2,February,6,6,Thursday
07-02-2025,2025,Q1,2,February,6,7,Friday
08-02-2025,2025,Q1,2,February,6,8,Saturday
09-02-2025,2025,Q1,2,February,6,9,Sunday
10-02-2025,2025,Q1,2,February,7,10,Monday
11-02-2025,2025,Q1,2,February,7,11,Tuesday
12-02-2025,2025,Q1,2,February,7,12,Wednesday
13-02-2025,2025,Q1,2,February,7,13,Thursday
14-02-2025,2025,Q1,2,February,7,14,Friday
15-02-2025,2025,Q1,2,February,7,15,Saturday
16-02-2025,2025,Q1,2,February,7,16,Sunday
17-02-2025,2025,Q1,2,February,8,17,Monday
18-02-2025,2025,Q1,2,February,8,18,Tuesday
19-02-2025,2025,Q1,2,February,8,19,Wednesday
20-02-2025,2025,Q1,2,February,8,20,Thursday
21-02-2025,2025,Q1,2,February,8,21,Friday
22-02-2025,2025,Q1,2,February,8,22,Saturday
23-02-2025,2025,Q1,2,February,8,23,Sunday
24-02-2025,2025,Q1,2,February,9,24,Monday
25-02-2025,2025,Q1,2,February,9,25,Tuesday
26-02-2025,2025,Q1,2,February,9,26,Wednesday
27-02-2025,2025,Q1,2,February,9,27,Thursday
28-02-2025,2025,Q1,2,February,9,28,Friday
01-03-2025,2025,Q1,3,March,9,1,Saturday
02-03-2025,2025,Q1,3,March,9,2,Sunday
03-03-2025,2025,Q1,3,March,10,3,Monday
04-03-2025,2025,Q1,3,March,10,4,Tuesday
05-03-2025,2025,Q1,3,March,10,5,Wednesday
06-03-2025,2025,Q1,3,March,10,6,Thursday
07-03-2025,2025,Q1,3,March,10,7,Friday
08-03-2025,2025,Q1,3,March,10,8,Saturday
09-03-2025,2025,Q1,3,March,10,9,Sunday
10-03-2025,2025,Q1,3,March,11,10,Monday
11-03-2025,2025,Q1,3,March,11,11,Tuesday
12-03-2025,2025,Q1,3,March,11,12,Wednesday
13-03-2025,2025,Q1,3,March,11,13,Thursday
14-03-2025,2025,Q1,3,March,11,14,Friday
15-03-2025,2025,Q1,3,March,11,15,Saturday
16-03-2025,2025,Q1,3,March,11,16,Sunday
17-03-2025,2025,Q1,3,March,12,17,Monday
18-03-2025,2025,Q1,3,March,12,18,Tuesday
19-03-2025,2025,Q1,3,March,12,19,Wednesday
20-03-2025,2025,Q1,3,March,12,20,Thursday
21-03-2025,2025,Q1,3,March,12,21,Friday
22-03-2025,2025,Q1,3,March,12,22,Saturday
23-03-2025,2025,Q1,3,March,12,23,Sunday
24-03-2025,2025,Q1,3,March,13,24,Monday
25-03-2025,2025,Q1,3,March,13,25,Tuesday
26-03-2025,2025,Q1,3,March,13,26,Wednesday
27-03-2025,2025,Q1,3,March,13,27,Thursday
28-03-2025,2025,Q1,3,March,13,28,Friday
29-03-2025,2025,Q1,3,March,13,29,Saturday
30-03-2025,2025,Q1,3,March,13,30,Sunday
31-03-2025,2025,Q1,3,March,14,31,Monday
01-04-2025,2025,Q2,4,April,14,1,Tuesday
02-04-2025,2025,Q2,4,April,14,2,Wednesday
03-04-2025,2025,Q2,4,April,14,3,Thursday
04-04-2025,2025,Q2,4,April,14,4,Friday
05-04-2025,2025,Q2,4,April,14,5,Saturday
06-04-2025,2025,Q2,4,April,14,6,Sunday
07-04-2025,2025,Q2,4,April,15,7,Monday
08-04-2025,2025,Q2,4,April,15,8,Tuesday
09-04-2025,2025,Q2,4,April,15,9,Wednesday
10-04-2025,2025,Q2,4,April,15,10,Thursday
11-04-2025,2025,Q2,4,April,15,11,Friday
12-04-2025,2025,Q2,4,April,15,12,Saturday
13-04-2025,2025,Q2,4,April,15,13,Sunday
14-04-2025,2025,Q2,4,April,16,14,Monday
15-04-2025,2025,Q2,4,April,16,15,Tuesday
16-04-2025,2025,Q2,4,April,16,16,Wednesday
17-04-2025,2025,Q2,4,April,16,17,Thursday
18-04-2025,2025,Q2,4,April,16,18,Friday
19-04-2025,2025,Q2,4,April,16,19,Saturday
20-04-2025,2025,Q2,4,April,16,20,Sunday
21-04-2025,2025,Q2,4,April,17,21,Monday
22-04-2025,2025,Q2,4,April,17,22,Tuesday
23-04-2025,2025,Q2,4,April,17,23,Wednesday
24-04-2025,2025,Q2,4,April,17,24,Thursday
25-04-2025,2025,Q2,4,April,17,25,Friday
26-04-2025,2025,Q2,4,April,17,26,Saturday
27-04-2025,2025,Q2,4,April,17,27,Sunday
28-04-2025,2025,Q2,4,April,18,28,Monday
29-04-2025,2025,Q2,4,April,18,29,Tuesday
30-04-2025,2025,Q2,4,April,18,30,Wednesday
01-05-2025,2025,Q2,5,May,18,1,Thursday
02-05-2025,2025,Q2,5,May,18,2,Friday
03-05-2025,2025,Q2,5,May,18,3,Saturday
04-05-2025,2025,Q2,5,May,18,4,Sunday
05-05-2025,2025,Q2,5,May,19,5,Monday
06-05-2025,2025,Q2,5,May,19,6,Tuesday
07-05-2025,2025,Q2,5,May,19,7,Wednesday
08-05-2025,2025,Q2,5,May,19,8,Thursday
09-05-2025,2025,Q2,5,May,19,9,Friday
10-05-2025,2025,Q2,5,May,19,10,Saturday
11-05-2025,2025,Q2,5,May,19,11,Sunday
12-05-2025,2025,Q2,5,May,20,12,Monday
13-05-2025,2025,Q2,5,May,20,13,Tuesday
14-05-2025,2025,Q2,5,May,20,14,Wednesday
15-05-2025,2025,Q2,5,May,20,15,Thursday
16-05-2025,2025,Q2,5,May,20,16,Friday
17-05-2025,2025,Q2,5,May,20,17,Saturday
18-05-2025,2025,Q2,5,May,20,18,Sunday
19-05-2025,2025,Q2,5,May,21,19,Monday
20-05-2025,2025,Q2,5,May,21,20,Tuesday
21-05-2025,2025,Q2,5,May,21,21,Wednesday
22-05-2025,2025,Q2,5,May,21,22,Thursday
23-05-2025,2025,Q2,5,May,21,23,Friday
24-05-2025,2025,Q2,5,May,21,24,Saturday
25-05-2025,2025,Q2,5,May,21,25,Sunday
26-05-2025,2025,Q2,5,May,22,26,Monday
27-05-2025,2025,Q2,5,May,22,27,Tuesday
28-05-2025,2025,Q2,5,May,22,28,Wednesday
29-05-2025,2025,Q2,5,May,22,29,Thursday
30-05-2025,2025,Q2,5,May,22,30,Friday
31-05-2025,2025,Q2,5,May,22,31,Saturday
01-06-2025,2025,Q2,6,June,22,1,Sunday
02-06-2025,2025,Q2,6,June,23,2,Monday
03-06-2025,2025,Q2,6,June,23,3,Tuesday
04-06-2025,2025,Q2,6,June,23,4,Wednesday
05-06-2025,2025,Q2,6,June,23,5,Thursday
06-06-2025,2025,Q2,6,June,23,6,Friday
07-06-2025,2025,Q2,6,June,23,7,Saturday
08-06-2025,2025,Q2,6,June,23,8,Sunday
09-06-2025,2025,Q2,6,June,24,9,Monday
10-06-2025,2025,Q2,6,June,24,10,Tuesday
11-06-2025,2025,Q2,6,June,24,11,Wednesday
12-06-2025,2025,Q2,6,June,24,12,Thursday
13-06-2025,2025,Q2,6,June,24,13,Friday
14-06-2025,2025,Q2,6,June,24,14,Saturday
15-06-2025,2025,Q2,6,June,24,15,Sunday
16-06-2025,2025,Q2,6,June,25,16,Monday
17-06-2025,2025,Q2,6,June,25,17,Tuesday
18-06-2025,2025,Q2,6,June,25,18,Wednesday
19-06-2025,2025,Q2,6,June,25,19,Thursday
20-06-2025,2025,Q2,6,June,25,20,Friday
21-06-2025,2025,Q2,6,June,25,21,Saturday
22-06-2025,2025,Q2,6,June,25,22,Sunday
23-06-2025,2025,Q2,6,June,26,23,Monday
24-06-2025,2025,Q2,6,June,26,24,Tuesday
25-06-2025,2025,Q2,6,June,26,25,Wednesday
26-06-2025,2025,Q2,6,June,26,26,Thursday
27-06-2025,2025,Q2,6,June,26,27,Friday
28-06-2025,2025,Q2,6,June,26,28,Saturday
29-06-2025,2025,Q2,6,June,26,29,Sunday
30-06-2025,2025,Q2,6,June,27,30,Monday
01-07-2025,2025,Q3,7,July,27,1,Tuesday
02-07-2025,2025,Q3,7,July,27,2,Wednesday
03-07-2025,2025,Q3,7,July,27,3,Thursday
04-07-2025,2025,Q3,7,July,27,4,Friday
05-07-2025,2025,Q3,7,July,27,5,Saturday
06-07-2025,2025,Q3,7,July,27,6,Sunday
07-07-2025,2025,Q3,7,July,28,7,Monday
08-07-2025,2025,Q3,7,July,28,8,Tuesday
09-07-2025,2025,Q3,7,July,28,9,Wednesday
10-07-2025,2025,Q3,7,July,28,10,Thursday
11-07-2025,2025,Q3,7,July,28,11,Friday
12-07-2025,2025,Q3,7,July,28,12,Saturday
13-07-2025,2025,Q3,7,July,28,13,Sunday
14-07-2025,2025,Q3,7,July,29,14,Monday
15-07-2025,2025,Q3,7,July,29,15,Tuesday
16-07-2025,2025,Q3,7,July,29,16,Wednesday
17-07-2025,2025,Q3,7,July,29,17,Thursday
18-07-2025,2025,Q3,7,July,29,18,Friday
19-07-2025,2025,Q3,7,July,29,19,Saturday
20-07-2025,2025,Q3,7,July,29,20,Sunday
21-07-2025,2025,Q3,7,July,30,21,Monday
22-07-2025,2025,Q3,7,July,30,22,Tuesday
23-07-2025,2025,Q3,7,July,30,23,Wednesday
24-07-2025,2025,Q3,7,July,30,24,Thursday
25-07-2025,2025,Q3,7,July,30,25,Friday
26-07-2025,2025,Q3,7,July,30,26,Saturday
27-07-2025,2025,Q3,7,July,30,27,Sunday
28-07-2025,2025,Q3,7,July,31,28,Monday
29-07-2025,2025,Q3,7,July,31,29,Tuesday
30-07-2025,2025,Q3,7,July,31,30,Wednesday
31-07-2025,2025,Q3,7,July,31,31,Thursday
01-08-2025,2025,Q3,8,August,31,1,Friday
02-08-2025,2025,Q3,8,August,31,2,Saturday
03-08-2025,2025,Q3,8,August,31,3,Sunday
04-08-2025,2025,Q3,8,August,32,4,Monday
05-08-2025,2025,Q3,8,August,32,5,Tuesday
06-08-2025,2025,Q3,8,August,32,6,Wednesday
07-08-2025,2025,Q3,8,August,32,7,Thursday
08-08-2025,2025,Q3,8,August,32,8,Friday
09-08-2025,2025,Q3,8,August,32,9,Saturday
10-08-2025,2025,Q3,8,August,32,10,Sunday
11-08-2025,2025,Q3,8,August,33,11,Monday
12-08-2025,2025,Q3,8,August,33,12,Tuesday
13-08-2025,2025,Q3,8,August,33,13,Wednesday
14-08-2025,2025,Q3,8,August,33,14,Thursday
15-08-2025,2025,Q3,8,August,33,15,Friday
16-08-2025,2025,Q3,8,August,33,16,Saturday
17-08-2025,2025,Q3,8,August,33,17,Sunday
18-08-2025,2025,Q3,8,August,34,18,Monday
19-08-2025,2025,Q3,8,August,34,19,Tuesday
20-08-2025,2025,Q3,8,August,34,20,Wednesday
21-08-2025,2025,Q3,8,August,34,21,Thursday
22-08-2025,2025,Q3,8,August,34,22,Friday
23-08-2025,2025,Q3,8,August,34,23,Saturday
24-08-2025,2025,Q3,8,August,34,24,Sunday
25-08-2025,2025,Q3,8,August,35,25,Monday
26-08-2025,2025,Q3,8,August,35,26,Tuesday
27-08-2025,2025,Q3,8,August,35,27,Wednesday
28-08-2025,2025,Q3,8,August,35,28,Thursday
29-08-2025,2025,Q3,8,August,35,29,Friday
30-08-2025,2025,Q3,8,August,35,30,Saturday
31-08-2025,2025,Q3,8,August,35,31,Sunday
01-09-2025,2025,Q3,9,September,36,1,Monday
02-09-2025,2025,Q3,9,September,36,2,Tuesday
03-09-2025,2025,Q3,9,September,36,3,Wednesday
04-09-2025,2025,Q3,9,September,36,4,Thursday
05-09-2025,2025,Q3,9,September,36,5,Friday
06-09-2025,2025,Q3,9,September,36,6,Saturday
07-09-2025,2025,Q3,9,September,36,7,Sunday
08-09-2025,2025,Q3,9,September,37,8,Monday
09-09-2025,2025,Q3,9,September,37,9,Tuesday
10-09-2025,2025,Q3,9,September,37,10,Wednesday
11-09-2025,2025,Q3,9,September,37,11,Thursday
12-09-2025,2025,Q3,9,September,37,12,Friday
13-09-2025,2025,Q3,9,September,37,13,Saturday
14-09-2025,2025,Q3,9,September,37,14,Sunday
15-09-2025,2025,Q3,9,September,38,15,Monday
16-09-2025,2025,Q3,9,September,38,16,Tuesday
17-09-2025,2025,Q3,9,September,38,17,Wednesday
18-09-2025,2025,Q3,9,September,38,18,Thursday
19-09-2025,2025,Q3,9,September,38,19,Friday
20-09-2025,2025,Q3,9,September,38,20,Saturday
21-09-2025,2025,Q3,9,September,38,21,Sunday
22-09-2025,2025,Q3,9,September,39,22,Monday
23-09-2025,2025,Q3,9,September,39,23,Tuesday
24-09-2025,2025,Q3,9,September,39,24,Wednesday
25-09-2025,2025,Q3,9,September,39,25,Thursday
26-09-2025,2025,Q3,9,September,39,26,Friday
27-09-2025,2025,Q3,9,September,39,27,Saturday
28-09-2025,2025,Q3,9,September,39,28,Sunday
29-09-2025,2025,Q3,9,September,40,29,Monday
30-09-2025,2025,Q3,9,September,40,30,Tuesday
01-10-2025,2025,Q4,10,October,40,1,Wednesday
02-10-2025,2025,Q4,10,October,40,2,Thursday
03-10-2025,2025,Q4,10,October,40,3,Friday
04-10-2025,2025,Q4,10,October,40,4,Saturday
05-10-2025,2025,Q4,10,October,40,5,Sunday
06-10-2025,2025,Q4,10,October,41,6,Monday
07-10-2025,2025,Q4,10,October,41,7,Tuesday
08-10-2025,2025,Q4,10,October,41,8,Wednesday
09-10-2025,2025,Q4,10,October,41,9,Thursday
10-10-2025,2025,Q4,10,October,41,10,Friday
11-10-2025,2025,Q4,10,October,41,11,Saturday
12-10-2025,2025,Q4,10,October,41,12,Sunday
13-10-2025,2025,Q4,10,October,42,13,Monday
14-10-2025,2025,Q4,10,October,42,14,Tuesday
15-10-2025,2025,Q4,10,October,42,15,Wednesday
16-10-2025,2025,Q4,10,October,42,16,Thursday
17-10-2025,2025,Q4,10,October,42,17,Friday
18-10-2025,2025,Q4,10,October,42,18,Saturday
19-10-2025,2025,Q4,10,October,42,19,Sunday
20-10-2025,2025,Q4,10,October,43,20,Monday
21-10-2025,2025,Q4,10,October,43,21,Tuesday
22-10-2025,2025,Q4,10,October,43,22,Wednesday
23-10-2025,2025,Q4,10,October,43,23,Thursday
24-10-2025,2025,Q4,10,October,43,24,Friday
25-10-2025,2025,Q4,10,October,43,25,Saturday
26-10-2025,2025,Q4,10,October,43,26,Sunday
27-10-2025,2025,Q4,10,October,44,27,Monday
28-10-2025,2025,Q4,10,October,44,28,Tuesday
29-10-2025,2025,Q4,10,October,44,29,Wednesday
30-10-2025,2025,Q4,10,October,44,30,Thursday
31-10-2025,2025,Q4,10,October,44,31,Friday
01-11-2025,2025,Q4,11,November,44,1,Saturday
02-11-2025,2025,Q4,11,November,44,2,Sunday
03-11-2025,2025,Q4,11,November,45,3,Monday
04-11-2025,2025,Q4,11,November,45,4,Tuesday
05-11-2025,2025,Q4,11,November,45,5,Wednesday
06-11-2025,2025,Q4,11,November,45,6,Thursday
07-11-2025,2025,Q4,11,November,45,7,Friday
08-11-2025,2025,Q4,11,November,45,8,Saturday
09-11-2025,2025,Q4,11,November,45,9,Sunday
10-11-2025,2025,Q4,11,November,46,10,Monday
11-11-2025,2025,Q4,11,November,46,11,Tuesday
12-11-2025,2025,Q4,11,November,46,12,Wednesday
13-11-2025,2025,Q4,11,November,46,13,Thursday
14-11-2025,2025,Q4,11,November,46,14,Friday
15-11-2025,2025,Q4,11,November,46,15,Saturday
16-11-2025,2025,Q4,11,November,46,16,Sunday
17-11-2025,2025,Q4,11,November,47,17,Monday
18-11-2025,2025,Q4,11,November,47,18,Tuesday
19-11-2025,2025,Q4,11,November,47,19,Wednesday
20-11-2025,2025,Q4,11,November,47,20,Thursday
21-11-2025,2025,Q4,11,November,47,21,Friday
22-11-2025,2025,Q4,11,November,47,22,Saturday
23-11-2025,2025,Q4,11,November,47,23,Sunday
24-11-2025,2025,Q4,11,November,48,24,Monday
25-11-2025,2025,Q4,11,November,48,25,Tuesday
26-11-2025,2025,Q4,11,November,48,26,Wednesday
27-11-2025,2025,Q4,11,November,48,27,Thursday
28-11-2025,2025,Q4,11,November,48,28,Friday
29-11-2025,2025,Q4,11,November,48,29,Saturday
30-11-2025,2025,Q4,11,November,48,30,Sunday
01-12-2025,2025,Q4,12,December,49,1,Monday
02-12-2025,2025,Q4,12,December,49,2,Tuesday
03-12-2025,2025,Q4,12,December,49,3,Wednesday
04-12-2025,2025,Q4,12,December,49,4,Thursday
05-12-2025,2025,Q4,12,December,49,5,Friday
06-12-2025,2025,Q4,12,December,49,6,Saturday
07-12-2025,2025,Q4,12,December,49,7,Sunday
08-12-2025,2025,Q4,12,December,50,8,Monday
09-12-2025,2025,Q4,12,December,50,9,Tuesday
10-12-2025,2025,Q4,12,December,50,10,Wednesday
11-12-2025,2025,Q4,12,December,50,11,Thursday
12-12-2025,2025,Q4,12,December,50,12,Friday
13-12-2025,2025,Q4,12,December,50,13,Saturday
14-12-2025,2025,Q4,12,December,50,14,Sunday
15-12-2025,2025,Q4,12,December,51,15,Monday
16-12-2025,2025,Q4,12,December,51,16,Tuesday
17-12-2025,2025,Q4,12,December,51,17,Wednesday
18-12-2025,2025,Q4,12,December,51,18,Thursday
19-12-2025,2025,Q4,12,December,51,19,Friday
20-12-2025,2025,Q4,12,December,51,20,Saturday
21-12-2025,2025,Q4,12,December,51,21,Sunday
22-12-2025,2025,Q4,12,December,52,22,Monday
23-12-2025,2025,Q4,12,December,52,23,Tuesday
24-12-2025,2025,Q4,12,December,52,24,Wednesday
25-12-2025,2025,Q4,12,December,52,25,Thursday
26-12-2025,2025,Q4,12,December,52,26,Friday
27-12-2025,2025,Q4,12,December,52,27,Saturday
28-12-2025,2025,Q4,12,December,52,28,Sunday
29-12-2025,2025,Q4,12,December,53,29,Monday
30-12-2025,2025,Q4,12,December,53,30,Tuesday
31-12-2025,2025,Q4,12,December,53,31,Wednesday
